event_id,ticket_id,timestamp,event_type,actor_type,actor_id,region,team,old_status,new_status,message,dependency_id,dependency_title,dependency_owner,vendor,vendor_item,approval_type,promised_date,metadata
EV-00001,TCK-1001,2026-09-01T14:00:00,STATUS_CHANGE,AGENT,agent-c,Europe,EU Support,OPEN,IN_PROGRESS,Assigned for handling.,,,,,,,,"{""source"": ""synthetic""}"
EV-00002,TCK-1001,2026-09-01T15:00:00,ASSIGNMENT_CHANGE,AGENT,agent-c,Europe,EU Support,,,Assigned to an agent in EU Support.,,,,,,,,"{""source"": ""synthetic""}"
EV-00003,TCK-1001,2026-09-01T16:00:00,CUSTOMER_UPDATE,AGENT,agent-c,Europe,EU Support,,,Acknowledgement sent to the customer.,,,,,,,,"{""source"": ""synthetic""}"
EV-00004,TCK-1001,2026-09-01T18:00:00,WORK_NOTE,AGENT,agent-b,Europe,EU Support,,,Technical diagnosis completed; a replacement is required.,,,,,,,,"{""source"": ""synthetic""}"
EV-00005,TCK-1001,2026-09-01T20:00:00,TEAM_TRANSFER,AGENT,agent-c,Europe,Vendor Operations,,,Transferred to Vendor Operations for Northwind Components follow-up.,,,,,,,,"{""source"": ""synthetic""}"
EV-00006,TCK-1001,2026-09-01T22:00:00,VENDOR_UPDATE,AGENT,agent-c,Europe,Vendor Operations,,,"Component confirmed in stock and will be shipped today., delivery is expected after September 10",,,,Northwind Components,network switch,,,"{""source"": ""synthetic""}"
EV-00007,TCK-1001,2026-09-01T22:00:00,DEPENDENCY_CREATED,AGENT,agent-b,Europe,Vendor Operations,,,,vendor:Northwind Components,Vendor delivery from Northwind Components,Vendor Operations,Northwind Components,network switch,,,"{""source"": ""synthetic""}"
EV-00008,TCK-1001,2026-09-01T22:00:00,PROMISED_DATE_SET,AGENT,agent-b,Europe,EU Support,,,,,,,,,,2026-09-13,"{""source"": ""synthetic""}"
EV-00009,TCK-1001,2026-09-02T02:00:00,CUSTOMER_UPDATE,AGENT,agent-a,Europe,EU Support,,,Progress update sent to the customer.,,,,,,,,"{""source"": ""synthetic""}"
EV-00010,TCK-1002,2026-09-03T08:00:00,STATUS_CHANGE,AGENT,agent-b,Europe,EU Support,OPEN,IN_PROGRESS,Assigned for handling.,,,,,,,,"{""source"": ""synthetic""}"
EV-00011,TCK-1002,2026-09-03T09:00:00,ASSIGNMENT_CHANGE,AGENT,agent-c,Europe,EU Support,,,Assigned to an agent in EU Support.,,,,,,,,"{""source"": ""synthetic""}"
EV-00012,TCK-1002,2026-09-03T10:00:00,CUSTOMER_UPDATE,AGENT,agent-b,Europe,EU Support,,,Acknowledgement sent to the customer.,,,,,,,,"{""source"": ""synthetic""}"
EV-00013,TCK-1002,2026-09-03T15:00:00,WORK_NOTE,AGENT,agent-c,Europe,EU Support,,,Configuration change scheduled for this week.,,,,,,,,"{""source"": ""synthetic""}"
EV-00014,TCK-1002,2026-09-03T17:00:00,PROMISED_DATE_SET,AGENT,agent-c,Europe,EU Support,,,,,,,,,,2026-09-05,"{""source"": ""synthetic""}"
EV-00015,TCK-1002,2026-09-03T19:00:00,WORK_NOTE,AGENT,agent-c,Europe,EU Support,,,Configuration change scheduled for this week.,,,,,,,,"{""source"": ""synthetic""}"
EV-00016,TCK-1002,2026-09-04T15:00:00,CUSTOMER_UPDATE,AGENT,agent-c,Europe,EU Support,,,Progress update sent to the customer.,,,,,,,,"{""source"": ""synthetic""}"
EV-00017,TCK-1002,2026-09-04T17:00:00,RESOLUTION,AGENT,agent-c,Europe,EU Support,IN_PROGRESS,RESOLVED,"Issue resolved, agreed with the customer.",,,,,,,,"{""source"": ""synthetic""}"
EV-00018,TCK-1003,2026-09-03T13:00:00,STATUS_CHANGE,AGENT,agent-c,India,India Support,OPEN,IN_PROGRESS,Assigned for handling.,,,,,,,,"{""source"": ""synthetic""}"
EV-00019,TCK-1003,2026-09-03T14:00:00,ASSIGNMENT_CHANGE,AGENT,agent-a,India,India Support,,,Assigned to an agent in India Support.,,,,,,,,"{""source"": ""synthetic""}"
EV-00020,TCK-1003,2026-09-03T15:00:00,CUSTOMER_UPDATE,AGENT,agent-c,India,India Support,,,Acknowledgement sent to the customer.,,,,,,,,"{""source"": ""synthetic""}"
EV-00021,TCK-1003,2026-09-03T18:00:00,WORK_NOTE,AGENT,agent-c,India,India Support,,,Verified the fix in staging; next step is a production change.,,,,,,,,"{""source"": ""synthetic""}"
EV-00022,TCK-1003,2026-09-03T20:00:00,PROMISED_DATE_SET,AGENT,agent-a,India,India Support,,,,,,,,,,2026-09-06,"{""source"": ""synthetic""}"
EV-00023,TCK-1003,2026-09-03T22:00:00,WORK_NOTE,AGENT,agent-b,India,India Support,,,Configuration change scheduled for this week.,,,,,,,,"{""source"": ""synthetic""}"
EV-00024,TCK-1003,2026-09-04T18:00:00,CUSTOMER_UPDATE,AGENT,agent-c,India,India Support,,,Progress update sent to the customer.,,,,,,,,"{""source"": ""synthetic""}"
EV-00025,TCK-1003,2026-09-04T20:00:00,RESOLUTION,AGENT,agent-c,India,India Support,IN_PROGRESS,RESOLVED,"Issue resolved, agreed with the customer.",,,,,,,,"{""source"": ""synthetic""}"
EV-00026,TCK-1004,2026-08-28T08:00:00,STATUS_CHANGE,AGENT,agent-a,North America,NA Support,OPEN,IN_PROGRESS,Assigned for handling.,,,,,,,,"{""source"": ""synthetic""}"
EV-00027,TCK-1004,2026-08-28T09:00:00,ASSIGNMENT_CHANGE,AGENT,agent-c,North America,NA Support,,,Assigned to an agent in NA Support.,,,,,,,,"{""source"": ""synthetic""}"
EV-00028,TCK-1004,2026-08-28T10:00:00,CUSTOMER_UPDATE,AGENT,agent-b,North America,NA Support,,,Acknowledgement sent to the customer.,,,,,,,,"{""source"": ""synthetic""}"
EV-00029,TCK-1004,2026-08-28T12:00:00,WORK_NOTE,AGENT,agent-a,North America,NA Support,,,Technical review completed.,,,,,,,,"{""source"": ""synthetic""}"
EV-00030,TCK-1004,2026-08-28T14:00:00,APPROVAL_REQUESTED,AGENT,agent-c,North America,NA Support,,,Finance approval requested for the requested change.,,,,,,Finance,,"{""source"": ""synthetic""}"
EV-00031,TCK-1004,2026-08-28T14:00:00,DEPENDENCY_CREATED,AGENT,agent-a,North America,NA Support,,,,approval:Finance,Finance approval,Finance Approval,,,,,"{""source"": ""synthetic""}"
EV-00032,TCK-1004,2026-08-28T14:00:00,PROMISED_DATE_SET,AGENT,agent-a,North America,NA Support,,,,,,,,,,2026-09-08,"{""source"": ""synthetic""}"
EV-00033,TCK-1004,2026-08-28T16:00:00,WORK_NOTE,AGENT,agent-c,North America,NA Support,,,Waiting for approval before proceeding.,,,,,,,,"{""source"": ""synthetic""}"
EV-00034,TCK-1004,2026-08-28T18:00:00,CUSTOMER_UPDATE,AGENT,agent-b,North America,NA Support,,,Progress update sent to the customer.,,,,,,,,"{""source"": ""synthetic""}"
EV-00035,TCK-1005,2026-08-31T16:00:00,STATUS_CHANGE,AGENT,agent-b,Middle East,ME Support,OPEN,IN_PROGRESS,Assigned for handling.,,,,,,,,"{""source"": ""synthetic""}"
EV-00036,TCK-1005,2026-08-31T17:00:00,ASSIGNMENT_CHANGE,AGENT,agent-c,Middle East,ME Support,,,Assigned to an agent in ME Support.,,,,,,,,"{""source"": ""synthetic""}"
EV-00037,TCK-1005,2026-08-31T18:00:00,CUSTOMER_UPDATE,AGENT,agent-c,Middle East,ME Support,,,Acknowledgement sent to the customer.,,,,,,,,"{""source"": ""synthetic""}"
EV-00038,TCK-1005,2026-08-31T20:00:00,WORK_NOTE,AGENT,agent-b,Middle East,ME Support,,,Diagnosis completed; configuration update scheduled.,,,,,,,,"{""source"": ""synthetic""}"
EV-00039,TCK-1005,2026-08-31T22:00:00,DEPENDENCY_CREATED,AGENT,agent-b,Middle East,ME Support,,,Configuration change scheduled for this week.,internal:config,Configuration update,ME Support,,,,,"{""source"": ""synthetic""}"
EV-00040,TCK-1005,2026-08-31T22:00:00,PROMISED_DATE_SET,AGENT,agent-c,Middle East,ME Support,,,,,,,,,,2026-09-12,"{""source"": ""synthetic""}"
EV-00041,TCK-1005,2026-09-01T00:00:00,CUSTOMER_UPDATE,AGENT,agent-b,Middle East,ME Support,,,Progress update sent to the customer.,,,,,,,,"{""source"": ""synthetic""}"
EV-00042,TCK-1006,2026-09-01T12:00:00,STATUS_CHANGE,AGENT,agent-c,North America,NA Support,OPEN,IN_PROGRESS,Assigned for handling.,,,,,,,,"{""source"": ""synthetic""}"
EV-00043,TCK-1006,2026-09-01T13:00:00,ASSIGNMENT_CHANGE,AGENT,agent-c,North America,NA Support,,,Assigned to an agent in NA Support.,,,,,,,,"{""source"": ""synthetic""}"
EV-00044,TCK-1006,2026-09-01T14:00:00,CUSTOMER_UPDATE,AGENT,agent-a,North America,NA Support,,,Acknowledgement sent to the customer.,,,,,,,,"{""source"": ""synthetic""}"
EV-00045,TCK-1006,2026-09-01T16:00:00,WORK_NOTE,AGENT,agent-a,North America,NA Support,,,Collected diagnostic logs from the system.,,,,,,,,"{""source"": ""synthetic""}"
EV-00046,TCK-1006,2026-09-01T18:00:00,PROMISED_DATE_SET,AGENT,agent-a,North America,NA Support,,,,,,,,,,2026-09-05,"{""source"": ""synthetic""}"
EV-00047,TCK-1006,2026-09-01T20:00:00,WORK_NOTE,AGENT,agent-c,North America,NA Support,,,Configuration change scheduled for this week.,,,,,,,,"{""source"": ""synthetic""}"
EV-00048,TCK-1006,2026-09-02T16:00:00,CUSTOMER_UPDATE,AGENT,agent-b,North America,NA Support,,,Progress update sent to the customer.,,,,,,,,"{""source"": ""synthetic""}"
EV-00049,TCK-1006,2026-09-02T18:00:00,RESOLUTION,AGENT,agent-c,North America,NA Support,IN_PROGRESS,RESOLVED,"Issue resolved, agreed with the customer.",,,,,,,,"{""source"": ""synthetic""}"
EV-00050,TCK-1007,2026-08-27T16:00:00,STATUS_CHANGE,AGENT,agent-a,Asia Pacific,APAC Support,OPEN,IN_PROGRESS,Assigned for handling.,,,,,,,,"{""source"": ""synthetic""}"
EV-00051,TCK-1007,2026-08-27T17:00:00,ASSIGNMENT_CHANGE,AGENT,agent-a,Asia Pacific,APAC Support,,,Assigned to an agent in APAC Support.,,,,,,,,"{""source"": ""synthetic""}"
EV-00052,TCK-1007,2026-08-27T18:00:00,CUSTOMER_UPDATE,AGENT,agent-c,Asia Pacific,APAC Support,,,Acknowledgement sent to the customer.,,,,,,,,"{""source"": ""synthetic""}"
EV-00053,TCK-1007,2026-08-27T20:00:00,WORK_NOTE,AGENT,agent-b,Asia Pacific,APAC Support,,,Technical diagnosis completed; a replacement is required.,,,,,,,,"{""source"": ""synthetic""}"
EV-00054,TCK-1007,2026-08-27T22:00:00,TEAM_TRANSFER,AGENT,agent-b,Asia Pacific,Vendor Operations,,,Transferred to Vendor Operations for Quanta Electronics follow-up.,,,,,,,,"{""source"": ""synthetic""}"
EV-00055,TCK-1007,2026-08-28T00:00:00,VENDOR_UPDATE,AGENT,agent-b,Asia Pacific,Vendor Operations,,,"Component confirmed in stock and will be shipped today., delivery is expected after September 9",,,,Quanta Electronics,firmware update,,,"{""source"": ""synthetic""}"
EV-00056,TCK-1007,2026-08-28T00:00:00,DEPENDENCY_CREATED,AGENT,agent-c,Asia Pacific,Vendor Operations,,,,vendor:Quanta Electronics,Vendor delivery from Quanta Electronics,Vendor Operations,Quanta Electronics,firmware update,,,"{""source"": ""synthetic""}"
EV-00057,TCK-1007,2026-08-28T00:00:00,PROMISED_DATE_SET,AGENT,agent-a,Asia Pacific,APAC Support,,,,,,,,,,2026-09-09,"{""source"": ""synthetic""}"
EV-00058,TCK-1007,2026-08-28T04:00:00,CUSTOMER_UPDATE,AGENT,agent-c,Asia Pacific,APAC Support,,,Progress update sent to the customer.,,,,,,,,"{""source"": ""synthetic""}"
EV-00059,TCK-1008,2026-09-04T12:00:00,STATUS_CHANGE,AGENT,agent-a,Latin America,LATAM Support,OPEN,IN_PROGRESS,Assigned for handling.,,,,,,,,"{""source"": ""synthetic""}"
EV-00060,TCK-1008,2026-09-04T13:00:00,ASSIGNMENT_CHANGE,AGENT,agent-b,Latin America,LATAM Support,,,Assigned to an agent in LATAM Support.,,,,,,,,"{""source"": ""synthetic""}"
EV-00061,TCK-1008,2026-09-04T14:00:00,CUSTOMER_UPDATE,AGENT,agent-a,Latin America,LATAM Support,,,Acknowledgement sent to the customer.,,,,,,,,"{""source"": ""synthetic""}"
EV-00062,TCK-1008,2026-09-04T16:00:00,WORK_NOTE,AGENT,agent-b,Latin America,LATAM Support,,,Technical diagnosis completed; a replacement is required.,,,,,,,,"{""source"": ""synthetic""}"
EV-00063,TCK-1008,2026-09-04T18:00:00,TEAM_TRANSFER,AGENT,agent-b,Latin America,Vendor Operations,,,Transferred to Vendor Operations for PartsUnited Express follow-up.,,,,,,,,"{""source"": ""synthetic""}"
EV-00064,TCK-1008,2026-09-04T20:00:00,VENDOR_UPDATE,AGENT,agent-a,Latin America,Vendor Operations,,,"Component has shipped; tracking received., delivery is expected after September 8",,,,PartsUnited Express,spare module,,,"{""source"": ""synthetic""}"
EV-00065,TCK-1008,2026-09-04T20:00:00,DEPENDENCY_CREATED,AGENT,agent-b,Latin America,Vendor Operations,,,,vendor:PartsUnited Express,Vendor delivery from PartsUnited Express,Vendor Operations,PartsUnited Express,spare module,,,"{""source"": ""synthetic""}"
EV-00066,TCK-1008,2026-09-04T20:00:00,PROMISED_DATE_SET,AGENT,agent-c,Latin America,LATAM Support,,,,,,,,,,2026-09-11,"{""source"": ""synthetic""}"
EV-00067,TCK-1008,2026-09-07T00:00:00,VENDOR_UPDATE,AGENT,agent-a,Latin America,Vendor Operations,,,Component has shipped; tracking received.,,,,PartsUnited Express,spare module,,,"{""source"": ""synthetic""}"
EV-00068,TCK-1008,2026-09-07T01:00:00,DEPENDENCY_COMPLETED,AGENT,agent-a,Latin America,Vendor Operations,,,,vendor:PartsUnited Express,,,,,,,"{""source"": ""synthetic""}"
EV-00069,TCK-1008,2026-09-07T03:00:00,CUSTOMER_UPDATE,AGENT,agent-c,Latin America,LATAM Support,,,Progress update sent to the customer.,,,,,,,,"{""source"": ""synthetic""}"
EV-00070,TCK-1008,2026-09-07T04:00:00,RESOLUTION,AGENT,agent-c,Latin America,LATAM Support,IN_PROGRESS,RESOLVED,Replacement installed and verified.,,,,,,,,"{""source"": ""synthetic""}"
EV-00071,TCK-1009,2026-09-01T13:00:00,STATUS_CHANGE,AGENT,agent-b,North America,NA Support,OPEN,IN_PROGRESS,Assigned for handling.,,,,,,,,"{""source"": ""synthetic""}"
EV-00072,TCK-1009,2026-09-01T14:00:00,ASSIGNMENT_CHANGE,AGENT,agent-a,North America,NA Support,,,Assigned to an agent in NA Support.,,,,,,,,"{""source"": ""synthetic""}"
EV-00073,TCK-1009,2026-09-01T15:00:00,CUSTOMER_UPDATE,AGENT,agent-b,North America,NA Support,,,Acknowledgement sent to the customer.,,,,,,,,"{""source"": ""synthetic""}"
EV-00074,TCK-1009,2026-09-01T17:00:00,WORK_NOTE,AGENT,agent-b,North America,NA Support,,,Initial triage completed; created a resolution plan.,,,,,,,,"{""source"": ""synthetic""}"
EV-00075,TCK-1009,2026-09-01T19:00:00,PROMISED_DATE_SET,AGENT,agent-b,North America,NA Support,,,,,,,,,,2026-09-05,"{""source"": ""synthetic""}"
EV-00076,TCK-1009,2026-09-03T15:00:00,WORK_NOTE,AGENT,agent-b,North America,NA Support,,,Scheduled replacement part installation.,,,,,,,,"{""source"": ""synthetic""}"
EV-00077,TCK-1009,2026-09-03T17:00:00,CUSTOMER_UPDATE,AGENT,agent-c,North America,NA Support,,,Progress update sent to the customer.,,,,,,,,"{""source"": ""synthetic""}"
EV-00078,TCK-1010,2026-09-02T11:00:00,STATUS_CHANGE,AGENT,agent-c,Latin America,LATAM Support,OPEN,IN_PROGRESS,Assigned for handling.,,,,,,,,"{""source"": ""synthetic""}"
EV-00079,TCK-1010,2026-09-02T12:00:00,ASSIGNMENT_CHANGE,AGENT,agent-b,Latin America,LATAM Support,,,Assigned to an agent in LATAM Support.,,,,,,,,"{""source"": ""synthetic""}"
EV-00080,TCK-1010,2026-09-02T13:00:00,CUSTOMER_UPDATE,AGENT,agent-a,Latin America,LATAM Support,,,Acknowledgement sent to the customer.,,,,,,,,"{""source"": ""synthetic""}"
EV-00081,TCK-1010,2026-09-02T15:00:00,WORK_NOTE,AGENT,agent-a,Latin America,LATAM Support,,,Technical review completed.,,,,,,,,"{""source"": ""synthetic""}"
EV-00082,TCK-1010,2026-09-02T17:00:00,APPROVAL_REQUESTED,AGENT,agent-c,Latin America,LATAM Support,,,Finance approval requested for the requested change.,,,,,,Finance,,"{""source"": ""synthetic""}"
EV-00083,TCK-1010,2026-09-02T17:00:00,DEPENDENCY_CREATED,AGENT,agent-b,Latin America,LATAM Support,,,,approval:Finance,Finance approval,Finance Approval,,,,,"{""source"": ""synthetic""}"
EV-00084,TCK-1010,2026-09-02T17:00:00,PROMISED_DATE_SET,AGENT,agent-c,Latin America,LATAM Support,,,,,,,,,,2026-09-09,"{""source"": ""synthetic""}"
EV-00085,TCK-1010,2026-09-04T17:00:00,APPROVAL_COMPLETED,AGENT,agent-c,Latin America,LATAM Support,,,Finance approval completed.,,,,,,Finance,,"{""source"": ""synthetic""}"
EV-00086,TCK-1010,2026-09-04T19:00:00,DEPENDENCY_COMPLETED,AGENT,agent-a,Latin America,LATAM Support,,,,approval:Finance,,,,,,,"{""source"": ""synthetic""}"
EV-00087,TCK-1010,2026-09-04T20:00:00,CUSTOMER_UPDATE,AGENT,agent-a,Latin America,LATAM Support,,,Progress update sent to the customer.,,,,,,,,"{""source"": ""synthetic""}"
EV-00088,TCK-1010,2026-09-04T21:00:00,RESOLUTION,AGENT,agent-c,Latin America,LATAM Support,IN_PROGRESS,RESOLVED,Change implemented and verified.,,,,,,,,"{""source"": ""synthetic""}"
EV-00089,TCK-1011,2026-09-03T08:00:00,STATUS_CHANGE,AGENT,agent-c,North America,NA Support,OPEN,IN_PROGRESS,Assigned for handling.,,,,,,,,"{""source"": ""synthetic""}"
EV-00090,TCK-1011,2026-09-03T09:00:00,ASSIGNMENT_CHANGE,AGENT,agent-c,North America,NA Support,,,Assigned to an agent in NA Support.,,,,,,,,"{""source"": ""synthetic""}"
EV-00091,TCK-1011,2026-09-03T10:00:00,CUSTOMER_UPDATE,AGENT,agent-a,North America,NA Support,,,Acknowledgement sent to the customer.,,,,,,,,"{""source"": ""synthetic""}"
EV-00092,TCK-1011,2026-09-03T12:00:00,WORK_NOTE,AGENT,agent-c,North America,NA Support,,,Investigation identified a dependency on engineering.,,,,,,,,"{""source"": ""synthetic""}"
EV-00093,TCK-1011,2026-09-03T14:00:00,DEPENDENCY_CREATED,AGENT,agent-a,North America,Engineering Escalation,,,Engineering fix blocked by test environment issue.,eng-TCK-1011,Engineering escalation,Engineering Escalation,,,,,"{""source"": ""synthetic"", ""status"": ""blocked""}"
EV-00094,TCK-1011,2026-09-03T14:00:00,PROMISED_DATE_SET,AGENT,agent-b,North America,NA Support,,,,,,,,,,2026-09-12,"{""source"": ""synthetic""}"
EV-00095,TCK-1011,2026-09-04T14:00:00,VENDOR_UPDATE,AGENT,agent-c,North America,Engineering Escalation,,,Engineering fix currently blocked; no ETA.,,,,Fabricon Global,,,,"{""source"": ""synthetic""}"
EV-00096,TCK-1011,2026-09-05T00:00:00,WORK_NOTE,AGENT,agent-c,North America,NA Support,,,Blocked by the engineering dependency; keeping the customer informed.,,,,,,,,"{""source"": ""synthetic""}"
EV-00097,TCK-1012,2026-08-31T12:00:00,STATUS_CHANGE,AGENT,agent-b,Middle East,ME Support,OPEN,IN_PROGRESS,Assigned for handling.,,,,,,,,"{""source"": ""synthetic""}"
EV-00098,TCK-1012,2026-08-31T13:00:00,ASSIGNMENT_CHANGE,AGENT,agent-a,Middle East,ME Support,,,Assigned to an agent in ME Support.,,,,,,,,"{""source"": ""synthetic""}"
EV-00099,TCK-1012,2026-08-31T14:00:00,CUSTOMER_UPDATE,AGENT,agent-a,Middle East,ME Support,,,Acknowledgement sent to the customer.,,,,,,,,"{""source"": ""synthetic""}"
EV-00100,TCK-1012,2026-08-31T16:00:00,WORK_NOTE,AGENT,agent-b,Middle East,ME Support,,,Technical diagnosis completed; a replacement is required.,,,,,,,,"{""source"": ""synthetic""}"
EV-00101,TCK-1012,2026-08-31T18:00:00,TEAM_TRANSFER,AGENT,agent-c,Middle East,Vendor Operations,,,Transferred to Vendor Operations for PartsUnited Express follow-up.,,,,,,,,"{""source"": ""synthetic""}"
EV-00102,TCK-1012,2026-08-31T20:00:00,VENDOR_UPDATE,AGENT,agent-a,Middle East,Vendor Operations,,,"Replacement part is on backorder; delivery is expected to be delayed., delivery is expected after September 10",,,,PartsUnited Express,replacement disk,,,"{""source"": ""synthetic""}"
EV-00103,TCK-1012,2026-08-31T20:00:00,DEPENDENCY_CREATED,AGENT,agent-c,Middle East,Vendor Operations,,,,vendor:PartsUnited Express,Vendor delivery from PartsUnited Express,Vendor Operations,PartsUnited Express,replacement disk,,,"{""source"": ""synthetic""}"
EV-00104,TCK-1012,2026-08-31T20:00:00,PROMISED_DATE_SET,AGENT,agent-a,Middle East,ME Support,,,,,,,,,,2026-09-09,"{""source"": ""synthetic""}"
EV-00105,TCK-1012,2026-09-03T00:00:00,VENDOR_UPDATE,AGENT,agent-c,Middle East,Vendor Operations,,,Component has shipped; tracking received.,,,,PartsUnited Express,replacement disk,,,"{""source"": ""synthetic""}"
EV-00106,TCK-1012,2026-09-03T01:00:00,DEPENDENCY_COMPLETED,AGENT,agent-b,Middle East,Vendor Operations,,,,vendor:PartsUnited Express,,,,,,,"{""source"": ""synthetic""}"
EV-00107,TCK-1012,2026-09-03T03:00:00,CUSTOMER_UPDATE,AGENT,agent-a,Middle East,ME Support,,,Progress update sent to the customer.,,,,,,,,"{""source"": ""synthetic""}"
EV-00108,TCK-1012,2026-09-03T04:00:00,RESOLUTION,AGENT,agent-b,Middle East,ME Support,IN_PROGRESS,RESOLVED,Replacement installed and verified.,,,,,,,,"{""source"": ""synthetic""}"
EV-00109,TCK-1013,2026-08-30T09:00:00,STATUS_CHANGE,AGENT,agent-c,North America,NA Support,OPEN,IN_PROGRESS,Assigned for handling.,,,,,,,,"{""source"": ""synthetic""}"
EV-00110,TCK-1013,2026-08-30T10:00:00,ASSIGNMENT_CHANGE,AGENT,agent-c,North America,NA Support,,,Assigned to an agent in NA Support.,,,,,,,,"{""source"": ""synthetic""}"
EV-00111,TCK-1013,2026-08-30T11:00:00,CUSTOMER_UPDATE,AGENT,agent-b,North America,NA Support,,,Acknowledgement sent to the customer.,,,,,,,,"{""source"": ""synthetic""}"
EV-00112,TCK-1013,2026-08-30T13:00:00,WORK_NOTE,AGENT,agent-c,North America,NA Support,,,Technical review completed.,,,,,,,,"{""source"": ""synthetic""}"
EV-00113,TCK-1013,2026-08-30T15:00:00,APPROVAL_REQUESTED,AGENT,agent-a,North America,NA Support,,,Finance approval requested for the requested change.,,,,,,Finance,,"{""source"": ""synthetic""}"
EV-00114,TCK-1013,2026-08-30T15:00:00,DEPENDENCY_CREATED,AGENT,agent-a,North America,NA Support,,,,approval:Finance,Finance approval,Finance Approval,,,,,"{""source"": ""synthetic""}"
EV-00115,TCK-1013,2026-08-30T15:00:00,PROMISED_DATE_SET,AGENT,agent-b,North America,NA Support,,,,,,,,,,2026-09-10,"{""source"": ""synthetic""}"
EV-00116,TCK-1013,2026-09-01T15:00:00,APPROVAL_COMPLETED,AGENT,agent-a,North America,NA Support,,,Finance approval completed.,,,,,,Finance,,"{""source"": ""synthetic""}"
EV-00117,TCK-1013,2026-09-01T17:00:00,DEPENDENCY_COMPLETED,AGENT,agent-a,North America,NA Support,,,,approval:Finance,,,,,,,"{""source"": ""synthetic""}"
EV-00118,TCK-1013,2026-09-01T18:00:00,CUSTOMER_UPDATE,AGENT,agent-c,North America,NA Support,,,Progress update sent to the customer.,,,,,,,,"{""source"": ""synthetic""}"
EV-00119,TCK-1013,2026-09-01T19:00:00,RESOLUTION,AGENT,agent-c,North America,NA Support,IN_PROGRESS,RESOLVED,Change implemented and verified.,,,,,,,,"{""source"": ""synthetic""}"
EV-00120,TCK-1014,2026-08-31T10:00:00,STATUS_CHANGE,AGENT,agent-b,Europe,EU Support,OPEN,IN_PROGRESS,Assigned for handling.,,,,,,,,"{""source"": ""synthetic""}"
EV-00121,TCK-1014,2026-08-31T11:00:00,ASSIGNMENT_CHANGE,AGENT,agent-a,Europe,EU Support,,,Assigned to an agent in EU Support.,,,,,,,,"{""source"": ""synthetic""}"
EV-00122,TCK-1014,2026-08-31T12:00:00,CUSTOMER_UPDATE,AGENT,agent-a,Europe,EU Support,,,Acknowledgement sent to the customer.,,,,,,,,"{""source"": ""synthetic""}"
EV-00123,TCK-1014,2026-08-31T14:00:00,WORK_NOTE,AGENT,agent-c,Europe,EU Support,,,Technical review completed.,,,,,,,,"{""source"": ""synthetic""}"
EV-00124,TCK-1014,2026-08-31T16:00:00,APPROVAL_REQUESTED,AGENT,agent-b,Europe,EU Support,,,Legal approval requested for the requested change.,,,,,,Legal,,"{""source"": ""synthetic""}"
EV-00125,TCK-1014,2026-08-31T16:00:00,DEPENDENCY_CREATED,AGENT,agent-b,Europe,EU Support,,,,approval:Legal,Legal approval,Security Review,,,,,"{""source"": ""synthetic""}"
EV-00126,TCK-1014,2026-08-31T16:00:00,PROMISED_DATE_SET,AGENT,agent-a,Europe,EU Support,,,,,,,,,,2026-09-12,"{""source"": ""synthetic""}"
EV-00127,TCK-1014,2026-09-02T16:00:00,APPROVAL_COMPLETED,AGENT,agent-a,Europe,EU Support,,,Legal approval completed.,,,,,,Legal,,"{""source"": ""synthetic""}"
EV-00128,TCK-1014,2026-09-02T18:00:00,DEPENDENCY_COMPLETED,AGENT,agent-b,Europe,EU Support,,,,approval:Legal,,,,,,,"{""source"": ""synthetic""}"
EV-00129,TCK-1014,2026-09-02T19:00:00,CUSTOMER_UPDATE,AGENT,agent-a,Europe,EU Support,,,Progress update sent to the customer.,,,,,,,,"{""source"": ""synthetic""}"
EV-00130,TCK-1014,2026-09-02T20:00:00,RESOLUTION,AGENT,agent-c,Europe,EU Support,IN_PROGRESS,RESOLVED,Change implemented and verified.,,,,,,,,"{""source"": ""synthetic""}"
EV-00131,TCK-1015,2026-08-24T15:00:00,STATUS_CHANGE,AGENT,agent-c,India,India Support,OPEN,IN_PROGRESS,Assigned for handling.,,,,,,,,"{""source"": ""synthetic""}"
EV-00132,TCK-1015,2026-08-24T16:00:00,ASSIGNMENT_CHANGE,AGENT,agent-a,India,India Support,,,Assigned to an agent in India Support.,,,,,,,,"{""source"": ""synthetic""}"
EV-00133,TCK-1015,2026-08-24T17:00:00,CUSTOMER_UPDATE,AGENT,agent-c,India,India Support,,,Acknowledgement sent to the customer.,,,,,,,,"{""source"": ""synthetic""}"
EV-00134,TCK-1015,2026-08-24T19:00:00,WORK_NOTE,AGENT,agent-a,India,India Support,,,Technical diagnosis completed; a replacement is required.,,,,,,,,"{""source"": ""synthetic""}"
EV-00135,TCK-1015,2026-08-24T21:00:00,TEAM_TRANSFER,AGENT,agent-b,India,Vendor Operations,,,Transferred to Vendor Operations for Fabricon Global follow-up.,,,,,,,,"{""source"": ""synthetic""}"
EV-00136,TCK-1015,2026-08-24T23:00:00,VENDOR_UPDATE,AGENT,agent-a,India,Vendor Operations,,,"Vendor reported a manufacturing delay of one week., delivery is expected after September 10",,,,Fabricon Global,replacement component,,,"{""source"": ""synthetic""}"
EV-00137,TCK-1015,2026-08-24T23:00:00,DEPENDENCY_CREATED,AGENT,agent-b,India,Vendor Operations,,,,vendor:Fabricon Global,Vendor delivery from Fabricon Global,Vendor Operations,Fabricon Global,replacement component,,,"{""source"": ""synthetic""}"
EV-00138,TCK-1015,2026-08-24T23:00:00,PROMISED_DATE_SET,AGENT,agent-a,India,India Support,,,,,,,,,,2026-09-11,"{""source"": ""synthetic""}"
EV-00139,TCK-1015,2026-08-25T03:00:00,CUSTOMER_UPDATE,AGENT,agent-a,India,India Support,,,Progress update sent to the customer.,,,,,,,,"{""source"": ""synthetic""}"
EV-00140,TCK-1016,2026-09-04T10:00:00,STATUS_CHANGE,AGENT,agent-c,India,India Support,OPEN,IN_PROGRESS,Assigned for handling.,,,,,,,,"{""source"": ""synthetic""}"
EV-00141,TCK-1016,2026-09-04T11:00:00,ASSIGNMENT_CHANGE,AGENT,agent-c,India,India Support,,,Assigned to an agent in India Support.,,,,,,,,"{""source"": ""synthetic""}"
EV-00142,TCK-1016,2026-09-04T12:00:00,CUSTOMER_UPDATE,AGENT,agent-a,India,India Support,,,Acknowledgement sent to the customer.,,,,,,,,"{""source"": ""synthetic""}"
EV-00143,TCK-1016,2026-09-04T14:00:00,WORK_NOTE,AGENT,agent-a,India,India Support,,,Technical diagnosis completed; a replacement is required.,,,,,,,,"{""source"": ""synthetic""}"
EV-00144,TCK-1016,2026-09-04T16:00:00,TEAM_TRANSFER,AGENT,agent-a,India,Vendor Operations,,,Transferred to Vendor Operations for Northwind Components follow-up.,,,,,,,,"{""source"": ""synthetic""}"
EV-00145,TCK-1016,2026-09-04T18:00:00,VENDOR_UPDATE,AGENT,agent-a,India,Vendor Operations,,,"Component confirmed in stock and will be shipped today., delivery is expected after September 8",,,,Northwind Components,spare module,,,"{""source"": ""synthetic""}"
EV-00146,TCK-1016,2026-09-04T18:00:00,DEPENDENCY_CREATED,AGENT,agent-a,India,Vendor Operations,,,,vendor:Northwind Components,Vendor delivery from Northwind Components,Vendor Operations,Northwind Components,spare module,,,"{""source"": ""synthetic""}"
EV-00147,TCK-1016,2026-09-04T18:00:00,PROMISED_DATE_SET,AGENT,agent-c,India,India Support,,,,,,,,,,2026-09-10,"{""source"": ""synthetic""}"
EV-00148,TCK-1016,2026-09-04T22:00:00,CUSTOMER_UPDATE,AGENT,agent-b,India,India Support,,,Progress update sent to the customer.,,,,,,,,"{""source"": ""synthetic""}"
EV-00149,TCK-1017,2026-08-31T08:00:00,STATUS_CHANGE,AGENT,agent-b,Asia Pacific,APAC Support,OPEN,IN_PROGRESS,Assigned for handling.,,,,,,,,"{""source"": ""synthetic""}"
EV-00150,TCK-1017,2026-08-31T09:00:00,ASSIGNMENT_CHANGE,AGENT,agent-b,Asia Pacific,APAC Support,,,Assigned to an agent in APAC Support.,,,,,,,,"{""source"": ""synthetic""}"
EV-00151,TCK-1017,2026-08-31T10:00:00,CUSTOMER_UPDATE,AGENT,agent-a,Asia Pacific,APAC Support,,,Acknowledgement sent to the customer.,,,,,,,,"{""source"": ""synthetic""}"
EV-00152,TCK-1017,2026-08-31T12:00:00,WORK_NOTE,AGENT,agent-a,Asia Pacific,APAC Support,,,Technical diagnosis completed; a replacement is required.,,,,,,,,"{""source"": ""synthetic""}"
EV-00153,TCK-1017,2026-08-31T14:00:00,TEAM_TRANSFER,AGENT,agent-a,Asia Pacific,Vendor Operations,,,Transferred to Vendor Operations for PartsUnited Express follow-up.,,,,,,,,"{""source"": ""synthetic""}"
EV-00154,TCK-1017,2026-08-31T16:00:00,VENDOR_UPDATE,AGENT,agent-b,Asia Pacific,Vendor Operations,,,"Shipment delayed due to customs clearance; new ETA provided., delivery is expected after September 10",,,,PartsUnited Express,network switch,,,"{""source"": ""synthetic""}"
EV-00155,TCK-1017,2026-08-31T16:00:00,DEPENDENCY_CREATED,AGENT,agent-b,Asia Pacific,Vendor Operations,,,,vendor:PartsUnited Express,Vendor delivery from PartsUnited Express,Vendor Operations,PartsUnited Express,network switch,,,"{""source"": ""synthetic""}"
EV-00156,TCK-1017,2026-08-31T16:00:00,PROMISED_DATE_SET,AGENT,agent-b,Asia Pacific,APAC Support,,,,,,,,,,2026-09-09,"{""source"": ""synthetic""}"
EV-00157,TCK-1017,2026-08-31T20:00:00,CUSTOMER_UPDATE,AGENT,agent-a,Asia Pacific,APAC Support,,,Progress update sent to the customer.,,,,,,,,"{""source"": ""synthetic""}"
EV-00158,TCK-1018,2026-08-25T13:00:00,STATUS_CHANGE,AGENT,agent-c,India,India Support,OPEN,IN_PROGRESS,Assigned for handling.,,,,,,,,"{""source"": ""synthetic""}"
EV-00159,TCK-1018,2026-08-25T14:00:00,ASSIGNMENT_CHANGE,AGENT,agent-b,India,India Support,,,Assigned to an agent in India Support.,,,,,,,,"{""source"": ""synthetic""}"
EV-00160,TCK-1018,2026-08-25T15:00:00,CUSTOMER_UPDATE,AGENT,agent-a,India,India Support,,,Acknowledgement sent to the customer.,,,,,,,,"{""source"": ""synthetic""}"
EV-00161,TCK-1018,2026-08-27T13:00:00,RESOLUTION,AGENT,agent-a,India,India Support,IN_PROGRESS,RESOLVED,"Issue resolved, agreed with the customer.",,,,,,,,"{""source"": ""synthetic""}"
EV-00162,TCK-1018,2026-08-28T11:00:00,REOPENED,AGENT,agent-c,India,India Support,,REOPENED,Customer reported the issue again; ticket reopened.,,,,,,,,"{""source"": ""synthetic""}"
EV-00163,TCK-1018,2026-08-28T13:00:00,WORK_NOTE,AGENT,agent-b,India,India Support,,,Reopened; new investigation started.,,,,,,,,"{""source"": ""synthetic""}"
EV-00164,TCK-1018,2026-08-28T15:00:00,PROMISED_DATE_SET,AGENT,agent-b,India,India Support,,,,,,,,,,2026-09-12,"{""source"": ""synthetic""}"
EV-00165,TCK-1019,2026-08-29T15:00:00,STATUS_CHANGE,AGENT,agent-c,Latin America,LATAM Support,OPEN,IN_PROGRESS,Assigned for handling.,,,,,,,,"{""source"": ""synthetic""}"
EV-00166,TCK-1019,2026-08-29T16:00:00,ASSIGNMENT_CHANGE,AGENT,agent-b,Latin America,LATAM Support,,,Assigned to an agent in LATAM Support.,,,,,,,,"{""source"": ""synthetic""}"
EV-00167,TCK-1019,2026-08-29T17:00:00,CUSTOMER_UPDATE,AGENT,agent-a,Latin America,LATAM Support,,,Acknowledgement sent to the customer.,,,,,,,,"{""source"": ""synthetic""}"
EV-00168,TCK-1019,2026-08-29T19:00:00,WORK_NOTE,AGENT,agent-c,Latin America,LATAM Support,,,Technical diagnosis completed; a replacement is required.,,,,,,,,"{""source"": ""synthetic""}"
EV-00169,TCK-1019,2026-08-29T21:00:00,TEAM_TRANSFER,AGENT,agent-c,Latin America,Vendor Operations,,,Transferred to Vendor Operations for PartsUnited Express follow-up.,,,,,,,,"{""source"": ""synthetic""}"
EV-00170,TCK-1019,2026-08-29T23:00:00,VENDOR_UPDATE,AGENT,agent-c,Latin America,Vendor Operations,,,"Delivery rescheduled due to courier delay., delivery is expected after September 10",,,,PartsUnited Express,replacement disk,,,"{""source"": ""synthetic""}"
EV-00171,TCK-1019,2026-08-29T23:00:00,DEPENDENCY_CREATED,AGENT,agent-c,Latin America,Vendor Operations,,,,vendor:PartsUnited Express,Vendor delivery from PartsUnited Express,Vendor Operations,PartsUnited Express,replacement disk,,,"{""source"": ""synthetic""}"
EV-00172,TCK-1019,2026-08-29T23:00:00,PROMISED_DATE_SET,AGENT,agent-c,Latin America,LATAM Support,,,,,,,,,,2026-09-12,"{""source"": ""synthetic""}"
EV-00173,TCK-1019,2026-08-30T03:00:00,CUSTOMER_UPDATE,AGENT,agent-a,Latin America,LATAM Support,,,Progress update sent to the customer.,,,,,,,,"{""source"": ""synthetic""}"
EV-00174,TCK-1020,2026-09-03T12:00:00,STATUS_CHANGE,AGENT,agent-c,India,India Support,OPEN,IN_PROGRESS,Assigned for handling.,,,,,,,,"{""source"": ""synthetic""}"
EV-00175,TCK-1020,2026-09-03T13:00:00,ASSIGNMENT_CHANGE,AGENT,agent-b,India,India Support,,,Assigned to an agent in India Support.,,,,,,,,"{""source"": ""synthetic""}"
EV-00176,TCK-1020,2026-09-03T14:00:00,CUSTOMER_UPDATE,AGENT,agent-b,India,India Support,,,Acknowledgement sent to the customer.,,,,,,,,"{""source"": ""synthetic""}"
EV-00177,TCK-1020,2026-09-03T16:00:00,WORK_NOTE,AGENT,agent-b,India,India Support,,,Technical review completed.,,,,,,,,"{""source"": ""synthetic""}"
EV-00178,TCK-1020,2026-09-03T18:00:00,APPROVAL_REQUESTED,AGENT,agent-c,India,India Support,,,Procurement approval requested for the requested change.,,,,,,Procurement,,"{""source"": ""synthetic""}"
EV-00179,TCK-1020,2026-09-03T18:00:00,DEPENDENCY_CREATED,AGENT,agent-b,India,India Support,,,,approval:Procurement,Procurement approval,Security Review,,,,,"{""source"": ""synthetic""}"
EV-00180,TCK-1020,2026-09-03T18:00:00,PROMISED_DATE_SET,AGENT,agent-c,India,India Support,,,,,,,,,,2026-09-13,"{""source"": ""synthetic""}"
EV-00181,TCK-1020,2026-09-03T20:00:00,WORK_NOTE,AGENT,agent-a,India,India Support,,,Waiting for approval before proceeding.,,,,,,,,"{""source"": ""synthetic""}"
EV-00182,TCK-1020,2026-09-03T22:00:00,CUSTOMER_UPDATE,AGENT,agent-a,India,India Support,,,Progress update sent to the customer.,,,,,,,,"{""source"": ""synthetic""}"
EV-00183,TCK-1021,2026-08-25T09:00:00,STATUS_CHANGE,AGENT,agent-b,Asia Pacific,APAC Support,OPEN,IN_PROGRESS,Assigned for handling.,,,,,,,,"{""source"": ""synthetic""}"
EV-00184,TCK-1021,2026-08-25T10:00:00,ASSIGNMENT_CHANGE,AGENT,agent-a,Asia Pacific,APAC Support,,,Assigned to an agent in APAC Support.,,,,,,,,"{""source"": ""synthetic""}"
EV-00185,TCK-1021,2026-08-25T11:00:00,CUSTOMER_UPDATE,AGENT,agent-b,Asia Pacific,APAC Support,,,Acknowledgement sent to the customer.,,,,,,,,"{""source"": ""synthetic""}"
EV-00186,TCK-1021,2026-08-25T13:00:00,WORK_NOTE,AGENT,agent-c,Asia Pacific,APAC Support,,,Technical review completed.,,,,,,,,"{""source"": ""synthetic""}"
EV-00187,TCK-1021,2026-08-25T15:00:00,APPROVAL_REQUESTED,AGENT,agent-c,Asia Pacific,APAC Support,,,Procurement approval requested for the requested change.,,,,,,Procurement,,"{""source"": ""synthetic""}"
EV-00188,TCK-1021,2026-08-25T15:00:00,DEPENDENCY_CREATED,AGENT,agent-c,Asia Pacific,APAC Support,,,,approval:Procurement,Procurement approval,Security Review,,,,,"{""source"": ""synthetic""}"
EV-00189,TCK-1021,2026-08-25T15:00:00,PROMISED_DATE_SET,AGENT,agent-b,Asia Pacific,APAC Support,,,,,,,,,,2026-09-13,"{""source"": ""synthetic""}"
EV-00190,TCK-1021,2026-08-25T17:00:00,WORK_NOTE,AGENT,agent-b,Asia Pacific,APAC Support,,,Waiting for approval before proceeding.,,,,,,,,"{""source"": ""synthetic""}"
EV-00191,TCK-1021,2026-08-25T19:00:00,CUSTOMER_UPDATE,AGENT,agent-b,Asia Pacific,APAC Support,,,Progress update sent to the customer.,,,,,,,,"{""source"": ""synthetic""}"
EV-00192,TCK-1022,2026-08-27T09:00:00,STATUS_CHANGE,AGENT,agent-a,Asia Pacific,APAC Support,OPEN,IN_PROGRESS,Assigned for handling.,,,,,,,,"{""source"": ""synthetic""}"
EV-00193,TCK-1022,2026-08-27T10:00:00,ASSIGNMENT_CHANGE,AGENT,agent-a,Asia Pacific,APAC Support,,,Assigned to an agent in APAC Support.,,,,,,,,"{""source"": ""synthetic""}"
EV-00194,TCK-1022,2026-08-27T11:00:00,CUSTOMER_UPDATE,AGENT,agent-c,Asia Pacific,APAC Support,,,Acknowledgement sent to the customer.,,,,,,,,"{""source"": ""synthetic""}"
EV-00195,TCK-1022,2026-08-27T13:00:00,WORK_NOTE,AGENT,agent-b,Asia Pacific,APAC Support,,,Technical review completed.,,,,,,,,"{""source"": ""synthetic""}"
EV-00196,TCK-1022,2026-08-27T15:00:00,APPROVAL_REQUESTED,AGENT,agent-a,Asia Pacific,APAC Support,,,Procurement approval requested for the requested change.,,,,,,Procurement,,"{""source"": ""synthetic""}"
EV-00197,TCK-1022,2026-08-27T15:00:00,DEPENDENCY_CREATED,AGENT,agent-a,Asia Pacific,APAC Support,,,,approval:Procurement,Procurement approval,Security Review,,,,,"{""source"": ""synthetic""}"
EV-00198,TCK-1022,2026-08-27T15:00:00,PROMISED_DATE_SET,AGENT,agent-a,Asia Pacific,APAC Support,,,,,,,,,,2026-09-11,"{""source"": ""synthetic""}"
EV-00199,TCK-1022,2026-08-27T17:00:00,WORK_NOTE,AGENT,agent-a,Asia Pacific,APAC Support,,,Waiting for approval before proceeding.,,,,,,,,"{""source"": ""synthetic""}"
EV-00200,TCK-1022,2026-08-27T19:00:00,CUSTOMER_UPDATE,AGENT,agent-a,Asia Pacific,APAC Support,,,Progress update sent to the customer.,,,,,,,,"{""source"": ""synthetic""}"
EV-00201,TCK-1023,2026-08-26T14:00:00,STATUS_CHANGE,AGENT,agent-a,Europe,EU Support,OPEN,IN_PROGRESS,Assigned for handling.,,,,,,,,"{""source"": ""synthetic""}"
EV-00202,TCK-1023,2026-08-26T15:00:00,ASSIGNMENT_CHANGE,AGENT,agent-c,Europe,EU Support,,,Assigned to an agent in EU Support.,,,,,,,,"{""source"": ""synthetic""}"
EV-00203,TCK-1023,2026-08-26T16:00:00,CUSTOMER_UPDATE,AGENT,agent-c,Europe,EU Support,,,Acknowledgement sent to the customer.,,,,,,,,"{""source"": ""synthetic""}"
EV-00204,TCK-1023,2026-08-28T14:00:00,RESOLUTION,AGENT,agent-a,Europe,EU Support,IN_PROGRESS,RESOLVED,"Issue resolved, agreed with the customer.",,,,,,,,"{""source"": ""synthetic""}"
EV-00205,TCK-1023,2026-08-29T12:00:00,REOPENED,AGENT,agent-a,Europe,EU Support,,REOPENED,Customer reported the issue again; ticket reopened.,,,,,,,,"{""source"": ""synthetic""}"
EV-00206,TCK-1023,2026-08-29T14:00:00,WORK_NOTE,AGENT,agent-b,Europe,EU Support,,,Reopened; new investigation started.,,,,,,,,"{""source"": ""synthetic""}"
EV-00207,TCK-1023,2026-08-29T16:00:00,PROMISED_DATE_SET,AGENT,agent-a,Europe,EU Support,,,,,,,,,,2026-09-08,"{""source"": ""synthetic""}"
EV-00208,TCK-1024,2026-09-04T10:00:00,STATUS_CHANGE,AGENT,agent-b,Europe,EU Support,OPEN,IN_PROGRESS,Assigned for handling.,,,,,,,,"{""source"": ""synthetic""}"
EV-00209,TCK-1024,2026-09-04T11:00:00,ASSIGNMENT_CHANGE,AGENT,agent-c,Europe,EU Support,,,Assigned to an agent in EU Support.,,,,,,,,"{""source"": ""synthetic""}"
EV-00210,TCK-1024,2026-09-04T12:00:00,CUSTOMER_UPDATE,AGENT,agent-c,Europe,EU Support,,,Acknowledgement sent to the customer.,,,,,,,,"{""source"": ""synthetic""}"
EV-00211,TCK-1024,2026-09-06T10:00:00,RESOLUTION,AGENT,agent-c,Europe,EU Support,IN_PROGRESS,RESOLVED,"Issue resolved, agreed with the customer.",,,,,,,,"{""source"": ""synthetic""}"
EV-00212,TCK-1024,2026-09-07T08:00:00,REOPENED,AGENT,agent-b,Europe,EU Support,,REOPENED,Customer reported the issue again; ticket reopened.,,,,,,,,"{""source"": ""synthetic""}"
EV-00213,TCK-1024,2026-09-07T10:00:00,WORK_NOTE,AGENT,agent-c,Europe,EU Support,,,Reopened; new investigation started.,,,,,,,,"{""source"": ""synthetic""}"
EV-00214,TCK-1024,2026-09-07T12:00:00,PROMISED_DATE_SET,AGENT,agent-b,Europe,EU Support,,,,,,,,,,2026-09-12,"{""source"": ""synthetic""}"
EV-00215,TCK-1025,2026-08-28T10:00:00,STATUS_CHANGE,AGENT,agent-b,Europe,EU Support,OPEN,IN_PROGRESS,Assigned for handling.,,,,,,,,"{""source"": ""synthetic""}"
EV-00216,TCK-1025,2026-08-28T11:00:00,ASSIGNMENT_CHANGE,AGENT,agent-a,Europe,EU Support,,,Assigned to an agent in EU Support.,,,,,,,,"{""source"": ""synthetic""}"
EV-00217,TCK-1025,2026-08-28T12:00:00,CUSTOMER_UPDATE,AGENT,agent-c,Europe,EU Support,,,Acknowledgement sent to the customer.,,,,,,,,"{""source"": ""synthetic""}"
EV-00218,TCK-1025,2026-08-28T14:00:00,WORK_NOTE,AGENT,agent-b,Europe,EU Support,,,Initial triage completed; created a resolution plan.,,,,,,,,"{""source"": ""synthetic""}"
EV-00219,TCK-1025,2026-08-28T16:00:00,PROMISED_DATE_SET,AGENT,agent-b,Europe,EU Support,,,,,,,,,,2026-09-06,"{""source"": ""synthetic""}"
EV-00220,TCK-1025,2026-08-30T12:00:00,WORK_NOTE,AGENT,agent-b,Europe,EU Support,,,Scheduled replacement part installation.,,,,,,,,"{""source"": ""synthetic""}"
EV-00221,TCK-1025,2026-08-30T14:00:00,CUSTOMER_UPDATE,AGENT,agent-b,Europe,EU Support,,,Progress update sent to the customer.,,,,,,,,"{""source"": ""synthetic""}"
EV-00222,TCK-1026,2026-09-02T10:00:00,STATUS_CHANGE,AGENT,agent-b,Middle East,ME Support,OPEN,IN_PROGRESS,Assigned for handling.,,,,,,,,"{""source"": ""synthetic""}"
EV-00223,TCK-1026,2026-09-02T11:00:00,ASSIGNMENT_CHANGE,AGENT,agent-c,Middle East,ME Support,,,Assigned to an agent in ME Support.,,,,,,,,"{""source"": ""synthetic""}"
EV-00224,TCK-1026,2026-09-02T12:00:00,CUSTOMER_UPDATE,AGENT,agent-b,Middle East,ME Support,,,Acknowledgement sent to the customer.,,,,,,,,"{""source"": ""synthetic""}"
EV-00225,TCK-1026,2026-09-02T14:00:00,WORK_NOTE,AGENT,agent-b,Middle East,ME Support,,,Initial triage completed; created a resolution plan.,,,,,,,,"{""source"": ""synthetic""}"
EV-00226,TCK-1026,2026-09-02T16:00:00,PROMISED_DATE_SET,AGENT,agent-a,Middle East,ME Support,,,,,,,,,,2026-09-06,"{""source"": ""synthetic""}"
EV-00227,TCK-1026,2026-09-04T12:00:00,WORK_NOTE,AGENT,agent-b,Middle East,ME Support,,,Scheduled replacement part installation.,,,,,,,,"{""source"": ""synthetic""}"
EV-00228,TCK-1026,2026-09-04T14:00:00,CUSTOMER_UPDATE,AGENT,agent-b,Middle East,ME Support,,,Progress update sent to the customer.,,,,,,,,"{""source"": ""synthetic""}"
EV-00229,TCK-1027,2026-08-26T14:00:00,STATUS_CHANGE,AGENT,agent-b,Middle East,ME Support,OPEN,IN_PROGRESS,Assigned for handling.,,,,,,,,"{""source"": ""synthetic""}"
EV-00230,TCK-1027,2026-08-26T15:00:00,ASSIGNMENT_CHANGE,AGENT,agent-a,Middle East,ME Support,,,Assigned to an agent in ME Support.,,,,,,,,"{""source"": ""synthetic""}"
EV-00231,TCK-1027,2026-08-26T16:00:00,CUSTOMER_UPDATE,AGENT,agent-b,Middle East,ME Support,,,Acknowledgement sent to the customer.,,,,,,,,"{""source"": ""synthetic""}"
EV-00232,TCK-1027,2026-08-26T20:00:00,WORK_NOTE,AGENT,agent-a,Middle East,ME Support,,,Replicated the issue in the test environment.,,,,,,,,"{""source"": ""synthetic""}"
EV-00233,TCK-1027,2026-08-26T22:00:00,PROMISED_DATE_SET,AGENT,agent-b,Middle East,ME Support,,,,,,,,,,2026-08-31,"{""source"": ""synthetic""}"
EV-00234,TCK-1027,2026-08-27T00:00:00,WORK_NOTE,AGENT,agent-c,Middle East,ME Support,,,Configuration change scheduled for this week.,,,,,,,,"{""source"": ""synthetic""}"
EV-00235,TCK-1027,2026-08-27T20:00:00,CUSTOMER_UPDATE,AGENT,agent-c,Middle East,ME Support,,,Progress update sent to the customer.,,,,,,,,"{""source"": ""synthetic""}"
EV-00236,TCK-1027,2026-08-27T22:00:00,RESOLUTION,AGENT,agent-a,Middle East,ME Support,IN_PROGRESS,RESOLVED,"Issue resolved, agreed with the customer.",,,,,,,,"{""source"": ""synthetic""}"
EV-00237,TCK-1028,2026-08-26T07:00:00,STATUS_CHANGE,AGENT,agent-b,Asia Pacific,APAC Support,OPEN,IN_PROGRESS,Assigned for handling.,,,,,,,,"{""source"": ""synthetic""}"
EV-00238,TCK-1028,2026-08-26T08:00:00,ASSIGNMENT_CHANGE,AGENT,agent-a,Asia Pacific,APAC Support,,,Assigned to an agent in APAC Support.,,,,,,,,"{""source"": ""synthetic""}"
EV-00239,TCK-1028,2026-08-26T09:00:00,CUSTOMER_UPDATE,AGENT,agent-a,Asia Pacific,APAC Support,,,Acknowledgement sent to the customer.,,,,,,,,"{""source"": ""synthetic""}"
EV-00240,TCK-1028,2026-08-26T12:00:00,WORK_NOTE,AGENT,agent-b,Asia Pacific,APAC Support,,,Root cause identified: outdated firmware.,,,,,,,,"{""source"": ""synthetic""}"
EV-00241,TCK-1028,2026-08-26T14:00:00,PROMISED_DATE_SET,AGENT,agent-b,Asia Pacific,APAC Support,,,,,,,,,,2026-08-29,"{""source"": ""synthetic""}"
EV-00242,TCK-1028,2026-08-26T16:00:00,WORK_NOTE,AGENT,agent-b,Asia Pacific,APAC Support,,,Configuration change scheduled for this week.,,,,,,,,"{""source"": ""synthetic""}"
EV-00243,TCK-1028,2026-08-27T12:00:00,CUSTOMER_UPDATE,AGENT,agent-b,Asia Pacific,APAC Support,,,Progress update sent to the customer.,,,,,,,,"{""source"": ""synthetic""}"
EV-00244,TCK-1028,2026-08-27T14:00:00,RESOLUTION,AGENT,agent-b,Asia Pacific,APAC Support,IN_PROGRESS,RESOLVED,"Issue resolved, agreed with the customer.",,,,,,,,"{""source"": ""synthetic""}"
EV-00245,TCK-1029,2026-09-03T07:00:00,STATUS_CHANGE,AGENT,agent-a,Asia Pacific,APAC Support,OPEN,IN_PROGRESS,Assigned for handling.,,,,,,,,"{""source"": ""synthetic""}"
EV-00246,TCK-1029,2026-09-03T08:00:00,ASSIGNMENT_CHANGE,AGENT,agent-a,Asia Pacific,APAC Support,,,Assigned to an agent in APAC Support.,,,,,,,,"{""source"": ""synthetic""}"
EV-00247,TCK-1029,2026-09-03T09:00:00,CUSTOMER_UPDATE,AGENT,agent-a,Asia Pacific,APAC Support,,,Acknowledgement sent to the customer.,,,,,,,,"{""source"": ""synthetic""}"
EV-00248,TCK-1029,2026-09-03T16:00:00,WORK_NOTE,AGENT,agent-c,Asia Pacific,APAC Support,,,Technical investigation completed.,,,,,,,,"{""source"": ""synthetic""}"
EV-00249,TCK-1029,2026-09-03T18:00:00,PROMISED_DATE_SET,AGENT,agent-a,Asia Pacific,APAC Support,,,,,,,,,,2026-09-06,"{""source"": ""synthetic""}"
EV-00250,TCK-1029,2026-09-03T20:00:00,WORK_NOTE,AGENT,agent-a,Asia Pacific,APAC Support,,,Configuration change scheduled for this week.,,,,,,,,"{""source"": ""synthetic""}"
EV-00251,TCK-1029,2026-09-04T16:00:00,CUSTOMER_UPDATE,AGENT,agent-c,Asia Pacific,APAC Support,,,Progress update sent to the customer.,,,,,,,,"{""source"": ""synthetic""}"
EV-00252,TCK-1029,2026-09-04T18:00:00,RESOLUTION,AGENT,agent-a,Asia Pacific,APAC Support,IN_PROGRESS,RESOLVED,"Issue resolved, agreed with the customer.",,,,,,,,"{""source"": ""synthetic""}"
EV-00253,TCK-1030,2026-08-28T11:00:00,STATUS_CHANGE,AGENT,agent-b,Middle East,ME Support,OPEN,IN_PROGRESS,Assigned for handling.,,,,,,,,"{""source"": ""synthetic""}"
EV-00254,TCK-1030,2026-08-28T12:00:00,ASSIGNMENT_CHANGE,AGENT,agent-a,Middle East,ME Support,,,Assigned to an agent in ME Support.,,,,,,,,"{""source"": ""synthetic""}"
EV-00255,TCK-1030,2026-08-28T13:00:00,CUSTOMER_UPDATE,AGENT,agent-c,Middle East,ME Support,,,Acknowledgement sent to the customer.,,,,,,,,"{""source"": ""synthetic""}"
EV-00256,TCK-1030,2026-08-28T15:00:00,WORK_NOTE,AGENT,agent-a,Middle East,ME Support,,,Technical review completed.,,,,,,,,"{""source"": ""synthetic""}"
EV-00257,TCK-1030,2026-08-28T17:00:00,APPROVAL_REQUESTED,AGENT,agent-b,Middle East,ME Support,,,Security approval requested for the requested change.,,,,,,Security,,"{""source"": ""synthetic""}"
EV-00258,TCK-1030,2026-08-28T17:00:00,DEPENDENCY_CREATED,AGENT,agent-c,Middle East,ME Support,,,,approval:Security,Security approval,Security Review,,,,,"{""source"": ""synthetic""}"
EV-00259,TCK-1030,2026-08-28T17:00:00,PROMISED_DATE_SET,AGENT,agent-c,Middle East,ME Support,,,,,,,,,,2026-09-13,"{""source"": ""synthetic""}"
EV-00260,TCK-1030,2026-08-30T17:00:00,APPROVAL_COMPLETED,AGENT,agent-b,Middle East,ME Support,,,Security approval completed.,,,,,,Security,,"{""source"": ""synthetic""}"
EV-00261,TCK-1030,2026-08-30T19:00:00,DEPENDENCY_COMPLETED,AGENT,agent-b,Middle East,ME Support,,,,approval:Security,,,,,,,"{""source"": ""synthetic""}"
EV-00262,TCK-1030,2026-08-30T20:00:00,CUSTOMER_UPDATE,AGENT,agent-c,Middle East,ME Support,,,Progress update sent to the customer.,,,,,,,,"{""source"": ""synthetic""}"
EV-00263,TCK-1030,2026-08-30T21:00:00,RESOLUTION,AGENT,agent-a,Middle East,ME Support,IN_PROGRESS,RESOLVED,Change implemented and verified.,,,,,,,,"{""source"": ""synthetic""}"
EV-00264,TCK-1031,2026-09-03T11:00:00,STATUS_CHANGE,AGENT,agent-c,North America,NA Support,OPEN,IN_PROGRESS,Assigned for handling.,,,,,,,,"{""source"": ""synthetic""}"
EV-00265,TCK-1031,2026-09-03T12:00:00,ASSIGNMENT_CHANGE,AGENT,agent-b,North America,NA Support,,,Assigned to an agent in NA Support.,,,,,,,,"{""source"": ""synthetic""}"
EV-00266,TCK-1031,2026-09-03T13:00:00,CUSTOMER_UPDATE,AGENT,agent-a,North America,NA Support,,,Acknowledgement sent to the customer.,,,,,,,,"{""source"": ""synthetic""}"
EV-00267,TCK-1031,2026-09-03T15:00:00,WORK_NOTE,AGENT,agent-c,North America,NA Support,,,Technical diagnosis completed; a replacement is required.,,,,,,,,"{""source"": ""synthetic""}"
EV-00268,TCK-1031,2026-09-03T17:00:00,TEAM_TRANSFER,AGENT,agent-c,North America,Vendor Operations,,,Transferred to Vendor Operations for Fabricon Global follow-up.,,,,,,,,"{""source"": ""synthetic""}"
EV-00269,TCK-1031,2026-09-03T19:00:00,VENDOR_UPDATE,AGENT,agent-b,North America,Vendor Operations,,,"Replacement part is on backorder; delivery is expected to be delayed., delivery is expected after September 9",,,,Fabricon Global,replacement disk,,,"{""source"": ""synthetic""}"
EV-00270,TCK-1031,2026-09-03T19:00:00,DEPENDENCY_CREATED,AGENT,agent-b,North America,Vendor Operations,,,,vendor:Fabricon Global,Vendor delivery from Fabricon Global,Vendor Operations,Fabricon Global,replacement disk,,,"{""source"": ""synthetic""}"
EV-00271,TCK-1031,2026-09-03T19:00:00,PROMISED_DATE_SET,AGENT,agent-a,North America,NA Support,,,,,,,,,,2026-09-13,"{""source"": ""synthetic""}"
EV-00272,TCK-1031,2026-09-05T23:00:00,VENDOR_UPDATE,AGENT,agent-b,North America,Vendor Operations,,,Component has shipped; tracking received.,,,,Fabricon Global,replacement disk,,,"{""source"": ""synthetic""}"
EV-00273,TCK-1031,2026-09-06T00:00:00,DEPENDENCY_COMPLETED,AGENT,agent-b,North America,Vendor Operations,,,,vendor:Fabricon Global,,,,,,,"{""source"": ""synthetic""}"
EV-00274,TCK-1031,2026-09-06T02:00:00,CUSTOMER_UPDATE,AGENT,agent-c,North America,NA Support,,,Progress update sent to the customer.,,,,,,,,"{""source"": ""synthetic""}"
EV-00275,TCK-1031,2026-09-06T03:00:00,RESOLUTION,AGENT,agent-b,North America,NA Support,IN_PROGRESS,RESOLVED,Replacement installed and verified.,,,,,,,,"{""source"": ""synthetic""}"
EV-00276,TCK-1032,2026-08-29T15:00:00,STATUS_CHANGE,AGENT,agent-b,Latin America,LATAM Support,OPEN,IN_PROGRESS,Assigned for handling.,,,,,,,,"{""source"": ""synthetic""}"
EV-00277,TCK-1032,2026-08-29T16:00:00,ASSIGNMENT_CHANGE,AGENT,agent-c,Latin America,LATAM Support,,,Assigned to an agent in LATAM Support.,,,,,,,,"{""source"": ""synthetic""}"
EV-00278,TCK-1032,2026-08-29T17:00:00,CUSTOMER_UPDATE,AGENT,agent-c,Latin America,LATAM Support,,,Acknowledgement sent to the customer.,,,,,,,,"{""source"": ""synthetic""}"
EV-00279,TCK-1032,2026-08-29T19:00:00,WORK_NOTE,AGENT,agent-b,Latin America,LATAM Support,,,Technical review completed.,,,,,,,,"{""source"": ""synthetic""}"
EV-00280,TCK-1032,2026-08-29T21:00:00,APPROVAL_REQUESTED,AGENT,agent-b,Latin America,LATAM Support,,,Legal approval requested for the requested change.,,,,,,Legal,,"{""source"": ""synthetic""}"
EV-00281,TCK-1032,2026-08-29T21:00:00,DEPENDENCY_CREATED,AGENT,agent-a,Latin America,LATAM Support,,,,approval:Legal,Legal approval,Security Review,,,,,"{""source"": ""synthetic""}"
EV-00282,TCK-1032,2026-08-29T21:00:00,PROMISED_DATE_SET,AGENT,agent-a,Latin America,LATAM Support,,,,,,,,,,2026-09-09,"{""source"": ""synthetic""}"
EV-00283,TCK-1032,2026-08-31T21:00:00,APPROVAL_COMPLETED,AGENT,agent-b,Latin America,LATAM Support,,,Legal approval completed.,,,,,,Legal,,"{""source"": ""synthetic""}"
EV-00284,TCK-1032,2026-08-31T23:00:00,DEPENDENCY_COMPLETED,AGENT,agent-b,Latin America,LATAM Support,,,,approval:Legal,,,,,,,"{""source"": ""synthetic""}"
EV-00285,TCK-1032,2026-09-01T00:00:00,CUSTOMER_UPDATE,AGENT,agent-a,Latin America,LATAM Support,,,Progress update sent to the customer.,,,,,,,,"{""source"": ""synthetic""}"
EV-00286,TCK-1032,2026-09-01T01:00:00,RESOLUTION,AGENT,agent-b,Latin America,LATAM Support,IN_PROGRESS,RESOLVED,Change implemented and verified.,,,,,,,,"{""source"": ""synthetic""}"
EV-00287,TCK-1033,2026-08-30T14:00:00,STATUS_CHANGE,AGENT,agent-b,Middle East,ME Support,OPEN,IN_PROGRESS,Assigned for handling.,,,,,,,,"{""source"": ""synthetic""}"
EV-00288,TCK-1033,2026-08-30T15:00:00,ASSIGNMENT_CHANGE,AGENT,agent-b,Middle East,ME Support,,,Assigned to an agent in ME Support.,,,,,,,,"{""source"": ""synthetic""}"
EV-00289,TCK-1033,2026-08-30T16:00:00,CUSTOMER_UPDATE,AGENT,agent-c,Middle East,ME Support,,,Acknowledgement sent to the customer.,,,,,,,,"{""source"": ""synthetic""}"
EV-00290,TCK-1033,2026-08-30T22:00:00,WORK_NOTE,AGENT,agent-c,Middle East,ME Support,,,Configuration change scheduled for this week.,,,,,,,,"{""source"": ""synthetic""}"
EV-00291,TCK-1033,2026-08-31T00:00:00,PROMISED_DATE_SET,AGENT,agent-c,Middle East,ME Support,,,,,,,,,,2026-09-01,"{""source"": ""synthetic""}"
EV-00292,TCK-1033,2026-08-31T02:00:00,WORK_NOTE,AGENT,agent-a,Middle East,ME Support,,,Configuration change scheduled for this week.,,,,,,,,"{""source"": ""synthetic""}"
EV-00293,TCK-1033,2026-08-31T22:00:00,CUSTOMER_UPDATE,AGENT,agent-a,Middle East,ME Support,,,Progress update sent to the customer.,,,,,,,,"{""source"": ""synthetic""}"
EV-00294,TCK-1033,2026-09-01T00:00:00,RESOLUTION,AGENT,agent-c,Middle East,ME Support,IN_PROGRESS,RESOLVED,"Issue resolved, agreed with the customer.",,,,,,,,"{""source"": ""synthetic""}"
EV-00295,TCK-1034,2026-08-27T14:00:00,STATUS_CHANGE,AGENT,agent-a,Asia Pacific,APAC Support,OPEN,IN_PROGRESS,Assigned for handling.,,,,,,,,"{""source"": ""synthetic""}"
EV-00296,TCK-1034,2026-08-27T15:00:00,ASSIGNMENT_CHANGE,AGENT,agent-b,Asia Pacific,APAC Support,,,Assigned to an agent in APAC Support.,,,,,,,,"{""source"": ""synthetic""}"
EV-00297,TCK-1034,2026-08-27T16:00:00,CUSTOMER_UPDATE,AGENT,agent-c,Asia Pacific,APAC Support,,,Acknowledgement sent to the customer.,,,,,,,,"{""source"": ""synthetic""}"
EV-00298,TCK-1034,2026-08-27T18:00:00,WORK_NOTE,AGENT,agent-a,Asia Pacific,APAC Support,,,Technical diagnosis completed; a replacement is required.,,,,,,,,"{""source"": ""synthetic""}"
EV-00299,TCK-1034,2026-08-27T20:00:00,TEAM_TRANSFER,AGENT,agent-b,Asia Pacific,Vendor Operations,,,Transferred to Vendor Operations for Fabricon Global follow-up.,,,,,,,,"{""source"": ""synthetic""}"
EV-00300,TCK-1034,2026-08-27T22:00:00,VENDOR_UPDATE,AGENT,agent-b,Asia Pacific,Vendor Operations,,,"Vendor reported a manufacturing delay of one week., delivery is expected after September 10",,,,Fabricon Global,replacement component,,,"{""source"": ""synthetic""}"
EV-00301,TCK-1034,2026-08-27T22:00:00,DEPENDENCY_CREATED,AGENT,agent-b,Asia Pacific,Vendor Operations,,,,vendor:Fabricon Global,Vendor delivery from Fabricon Global,Vendor Operations,Fabricon Global,replacement component,,,"{""source"": ""synthetic""}"
EV-00302,TCK-1034,2026-08-27T22:00:00,PROMISED_DATE_SET,AGENT,agent-c,Asia Pacific,APAC Support,,,,,,,,,,2026-09-09,"{""source"": ""synthetic""}"
EV-00303,TCK-1034,2026-08-30T02:00:00,VENDOR_UPDATE,AGENT,agent-c,Asia Pacific,Vendor Operations,,,Component has shipped; tracking received.,,,,Fabricon Global,replacement component,,,"{""source"": ""synthetic""}"
EV-00304,TCK-1034,2026-08-30T03:00:00,DEPENDENCY_COMPLETED,AGENT,agent-b,Asia Pacific,Vendor Operations,,,,vendor:Fabricon Global,,,,,,,"{""source"": ""synthetic""}"
EV-00305,TCK-1034,2026-08-30T05:00:00,CUSTOMER_UPDATE,AGENT,agent-b,Asia Pacific,APAC Support,,,Progress update sent to the customer.,,,,,,,,"{""source"": ""synthetic""}"
EV-00306,TCK-1034,2026-08-30T06:00:00,RESOLUTION,AGENT,agent-c,Asia Pacific,APAC Support,IN_PROGRESS,RESOLVED,Replacement installed and verified.,,,,,,,,"{""source"": ""synthetic""}"
EV-00307,TCK-1035,2026-08-30T14:00:00,STATUS_CHANGE,AGENT,agent-b,Middle East,ME Support,OPEN,IN_PROGRESS,Assigned for handling.,,,,,,,,"{""source"": ""synthetic""}"
EV-00308,TCK-1035,2026-08-30T15:00:00,ASSIGNMENT_CHANGE,AGENT,agent-a,Middle East,ME Support,,,Assigned to an agent in ME Support.,,,,,,,,"{""source"": ""synthetic""}"
EV-00309,TCK-1035,2026-08-30T16:00:00,CUSTOMER_UPDATE,AGENT,agent-c,Middle East,ME Support,,,Acknowledgement sent to the customer.,,,,,,,,"{""source"": ""synthetic""}"
EV-00310,TCK-1035,2026-08-30T18:00:00,WORK_NOTE,AGENT,agent-c,Middle East,ME Support,,,Initial triage completed; created a resolution plan.,,,,,,,,"{""source"": ""synthetic""}"
EV-00311,TCK-1035,2026-08-30T20:00:00,PROMISED_DATE_SET,AGENT,agent-a,Middle East,ME Support,,,,,,,,,,2026-09-04,"{""source"": ""synthetic""}"
EV-00312,TCK-1035,2026-09-01T16:00:00,WORK_NOTE,AGENT,agent-a,Middle East,ME Support,,,Scheduled replacement part installation.,,,,,,,,"{""source"": ""synthetic""}"
EV-00313,TCK-1035,2026-09-01T18:00:00,CUSTOMER_UPDATE,AGENT,agent-a,Middle East,ME Support,,,Progress update sent to the customer.,,,,,,,,"{""source"": ""synthetic""}"
EV-00314,TCK-1036,2026-08-31T16:00:00,STATUS_CHANGE,AGENT,agent-b,Latin America,LATAM Support,OPEN,IN_PROGRESS,Assigned for handling.,,,,,,,,"{""source"": ""synthetic""}"
EV-00315,TCK-1036,2026-08-31T17:00:00,ASSIGNMENT_CHANGE,AGENT,agent-a,Latin America,LATAM Support,,,Assigned to an agent in LATAM Support.,,,,,,,,"{""source"": ""synthetic""}"
EV-00316,TCK-1036,2026-08-31T18:00:00,CUSTOMER_UPDATE,AGENT,agent-b,Latin America,LATAM Support,,,Acknowledgement sent to the customer.,,,,,,,,"{""source"": ""synthetic""}"
EV-00317,TCK-1036,2026-08-31T20:00:00,WORK_NOTE,AGENT,agent-a,Latin America,LATAM Support,,,Diagnosis completed; configuration update scheduled.,,,,,,,,"{""source"": ""synthetic""}"
EV-00318,TCK-1036,2026-08-31T22:00:00,DEPENDENCY_CREATED,AGENT,agent-c,Latin America,LATAM Support,,,Configuration change scheduled for this week.,internal:config,Configuration update,LATAM Support,,,,,"{""source"": ""synthetic""}"
EV-00319,TCK-1036,2026-08-31T22:00:00,PROMISED_DATE_SET,AGENT,agent-c,Latin America,LATAM Support,,,,,,,,,,2026-09-13,"{""source"": ""synthetic""}"
EV-00320,TCK-1036,2026-09-01T00:00:00,CUSTOMER_UPDATE,AGENT,agent-a,Latin America,LATAM Support,,,Progress update sent to the customer.,,,,,,,,"{""source"": ""synthetic""}"
EV-00321,TCK-1037,2026-09-04T11:00:00,STATUS_CHANGE,AGENT,agent-b,India,India Support,OPEN,IN_PROGRESS,Assigned for handling.,,,,,,,,"{""source"": ""synthetic""}"
EV-00322,TCK-1037,2026-09-04T12:00:00,ASSIGNMENT_CHANGE,AGENT,agent-b,India,India Support,,,Assigned to an agent in India Support.,,,,,,,,"{""source"": ""synthetic""}"
EV-00323,TCK-1037,2026-09-04T13:00:00,CUSTOMER_UPDATE,AGENT,agent-b,India,India Support,,,Acknowledgement sent to the customer.,,,,,,,,"{""source"": ""synthetic""}"
EV-00324,TCK-1037,2026-09-04T15:00:00,WORK_NOTE,AGENT,agent-b,India,India Support,,,Initial triage completed; created a resolution plan.,,,,,,,,"{""source"": ""synthetic""}"
EV-00325,TCK-1037,2026-09-04T17:00:00,PROMISED_DATE_SET,AGENT,agent-a,India,India Support,,,,,,,,,,2026-09-06,"{""source"": ""synthetic""}"
EV-00326,TCK-1037,2026-09-06T13:00:00,WORK_NOTE,AGENT,agent-b,India,India Support,,,Scheduled replacement part installation.,,,,,,,,"{""source"": ""synthetic""}"
EV-00327,TCK-1037,2026-09-06T15:00:00,CUSTOMER_UPDATE,AGENT,agent-b,India,India Support,,,Progress update sent to the customer.,,,,,,,,"{""source"": ""synthetic""}"
EV-00328,TCK-1038,2026-08-29T08:00:00,STATUS_CHANGE,AGENT,agent-a,North America,NA Support,OPEN,IN_PROGRESS,Assigned for handling.,,,,,,,,"{""source"": ""synthetic""}"
EV-00329,TCK-1038,2026-08-29T09:00:00,ASSIGNMENT_CHANGE,AGENT,agent-a,North America,NA Support,,,Assigned to an agent in NA Support.,,,,,,,,"{""source"": ""synthetic""}"
EV-00330,TCK-1038,2026-08-29T10:00:00,CUSTOMER_UPDATE,AGENT,agent-a,North America,NA Support,,,Acknowledgement sent to the customer.,,,,,,,,"{""source"": ""synthetic""}"
EV-00331,TCK-1038,2026-08-29T15:00:00,WORK_NOTE,AGENT,agent-c,North America,NA Support,,,Root cause identified: outdated firmware.,,,,,,,,"{""source"": ""synthetic""}"
EV-00332,TCK-1038,2026-08-29T17:00:00,PROMISED_DATE_SET,AGENT,agent-c,North America,NA Support,,,,,,,,,,2026-09-01,"{""source"": ""synthetic""}"
EV-00333,TCK-1038,2026-08-29T19:00:00,WORK_NOTE,AGENT,agent-b,North America,NA Support,,,Configuration change scheduled for this week.,,,,,,,,"{""source"": ""synthetic""}"
EV-00334,TCK-1038,2026-08-30T15:00:00,CUSTOMER_UPDATE,AGENT,agent-b,North America,NA Support,,,Progress update sent to the customer.,,,,,,,,"{""source"": ""synthetic""}"
EV-00335,TCK-1038,2026-08-30T17:00:00,RESOLUTION,AGENT,agent-b,North America,NA Support,IN_PROGRESS,RESOLVED,"Issue resolved, agreed with the customer.",,,,,,,,"{""source"": ""synthetic""}"
EV-00336,TCK-1039,2026-08-31T16:00:00,STATUS_CHANGE,AGENT,agent-c,Middle East,ME Support,OPEN,IN_PROGRESS,Assigned for handling.,,,,,,,,"{""source"": ""synthetic""}"
EV-00337,TCK-1039,2026-08-31T17:00:00,ASSIGNMENT_CHANGE,AGENT,agent-a,Middle East,ME Support,,,Assigned to an agent in ME Support.,,,,,,,,"{""source"": ""synthetic""}"
EV-00338,TCK-1039,2026-08-31T18:00:00,CUSTOMER_UPDATE,AGENT,agent-a,Middle East,ME Support,,,Acknowledgement sent to the customer.,,,,,,,,"{""source"": ""synthetic""}"
EV-00339,TCK-1039,2026-08-31T20:00:00,WORK_NOTE,AGENT,agent-a,Middle East,ME Support,,,Technical review completed.,,,,,,,,"{""source"": ""synthetic""}"
EV-00340,TCK-1039,2026-08-31T22:00:00,APPROVAL_REQUESTED,AGENT,agent-a,Middle East,ME Support,,,Procurement approval requested for the requested change.,,,,,,Procurement,,"{""source"": ""synthetic""}"
EV-00341,TCK-1039,2026-08-31T22:00:00,DEPENDENCY_CREATED,AGENT,agent-c,Middle East,ME Support,,,,approval:Procurement,Procurement approval,Security Review,,,,,"{""source"": ""synthetic""}"
EV-00342,TCK-1039,2026-08-31T22:00:00,PROMISED_DATE_SET,AGENT,agent-a,Middle East,ME Support,,,,,,,,,,2026-09-12,"{""source"": ""synthetic""}"
EV-00343,TCK-1039,2026-09-02T22:00:00,APPROVAL_COMPLETED,AGENT,agent-a,Middle East,ME Support,,,Procurement approval completed.,,,,,,Procurement,,"{""source"": ""synthetic""}"
EV-00344,TCK-1039,2026-09-03T00:00:00,DEPENDENCY_COMPLETED,AGENT,agent-a,Middle East,ME Support,,,,approval:Procurement,,,,,,,"{""source"": ""synthetic""}"
EV-00345,TCK-1039,2026-09-03T01:00:00,CUSTOMER_UPDATE,AGENT,agent-b,Middle East,ME Support,,,Progress update sent to the customer.,,,,,,,,"{""source"": ""synthetic""}"
EV-00346,TCK-1039,2026-09-03T02:00:00,RESOLUTION,AGENT,agent-b,Middle East,ME Support,IN_PROGRESS,RESOLVED,Change implemented and verified.,,,,,,,,"{""source"": ""synthetic""}"
EV-00347,TCK-1041,2026-08-29T15:00:00,STATUS_CHANGE,AGENT,agent-a,Latin America,LATAM Support,OPEN,IN_PROGRESS,Assigned for handling.,,,,,,,,"{""source"": ""synthetic""}"
EV-00348,TCK-1041,2026-08-29T16:00:00,ASSIGNMENT_CHANGE,AGENT,agent-b,Latin America,LATAM Support,,,Assigned to an agent in LATAM Support.,,,,,,,,"{""source"": ""synthetic""}"
EV-00349,TCK-1041,2026-08-29T17:00:00,CUSTOMER_UPDATE,AGENT,agent-c,Latin America,LATAM Support,,,Acknowledgement sent to the customer.,,,,,,,,"{""source"": ""synthetic""}"
EV-00350,TCK-1041,2026-08-29T19:00:00,WORK_NOTE,AGENT,agent-c,Latin America,LATAM Support,,,Technical diagnosis completed; a replacement is required.,,,,,,,,"{""source"": ""synthetic""}"
EV-00351,TCK-1041,2026-08-29T21:00:00,TEAM_TRANSFER,AGENT,agent-c,Latin America,Vendor Operations,,,Transferred to Vendor Operations for PartsUnited Express follow-up.,,,,,,,,"{""source"": ""synthetic""}"
EV-00352,TCK-1041,2026-08-29T23:00:00,VENDOR_UPDATE,AGENT,agent-a,Latin America,Vendor Operations,,,"Component confirmed in stock and will be shipped today., delivery is expected after September 9",,,,PartsUnited Express,replacement component,,,"{""source"": ""synthetic""}"
EV-00353,TCK-1041,2026-08-29T23:00:00,DEPENDENCY_CREATED,AGENT,agent-b,Latin America,Vendor Operations,,,,vendor:PartsUnited Express,Vendor delivery from PartsUnited Express,Vendor Operations,PartsUnited Express,replacement component,,,"{""source"": ""synthetic""}"
EV-00354,TCK-1041,2026-08-29T23:00:00,PROMISED_DATE_SET,AGENT,agent-c,Latin America,LATAM Support,,,,,,,,,,2026-09-08,"{""source"": ""synthetic""}"
EV-00355,TCK-1041,2026-08-30T03:00:00,CUSTOMER_UPDATE,AGENT,agent-b,Latin America,LATAM Support,,,Progress update sent to the customer.,,,,,,,,"{""source"": ""synthetic""}"
EV-00356,TCK-1042,2026-08-31T15:00:00,STATUS_CHANGE,AGENT,agent-c,Latin America,LATAM Support,OPEN,IN_PROGRESS,Assigned for handling.,,,,,,,,"{""source"": ""synthetic""}"
EV-00357,TCK-1042,2026-08-31T16:00:00,ASSIGNMENT_CHANGE,AGENT,agent-b,Latin America,LATAM Support,,,Assigned to an agent in LATAM Support.,,,,,,,,"{""source"": ""synthetic""}"
EV-00358,TCK-1042,2026-08-31T17:00:00,CUSTOMER_UPDATE,AGENT,agent-c,Latin America,LATAM Support,,,Acknowledgement sent to the customer.,,,,,,,,"{""source"": ""synthetic""}"
EV-00359,TCK-1042,2026-08-31T19:00:00,WORK_NOTE,AGENT,agent-b,Latin America,LATAM Support,,,Issue was worked and marked resolved by mistake.,,,,,,,,"{""source"": ""synthetic""}"
EV-00360,TCK-1042,2026-08-31T21:00:00,STATUS_CHANGE,AGENT,agent-a,Latin America,LATAM Support,IN_PROGRESS,RESOLVED,Marked resolved.,,,,,,,,"{""source"": ""synthetic""}"
EV-00361,TCK-1042,2026-09-01T21:00:00,STATUS_CHANGE,AGENT,agent-a,Latin America,LATAM Support,RESOLVED,IN_PROGRESS,Work resumed after review; ticket reopened in the source system.,,,,,,,,"{""source"": ""synthetic""}"
EV-00362,TCK-1042,2026-09-01T23:00:00,PROMISED_DATE_SET,AGENT,agent-a,Latin America,LATAM Support,,,,,,,,,,2026-09-12,"{""source"": ""synthetic""}"
EV-00363,TCK-1042,2026-09-02T01:00:00,CUSTOMER_UPDATE,AGENT,agent-c,Latin America,LATAM Support,,,Progress update sent to the customer.,,,,,,,,"{""source"": ""synthetic""}"
EV-00364,TCK-1043,2026-08-25T16:00:00,STATUS_CHANGE,AGENT,agent-a,Middle East,ME Support,OPEN,IN_PROGRESS,Assigned for handling.,,,,,,,,"{""source"": ""synthetic""}"
EV-00365,TCK-1043,2026-08-25T17:00:00,ASSIGNMENT_CHANGE,AGENT,agent-c,Middle East,ME Support,,,Assigned to an agent in ME Support.,,,,,,,,"{""source"": ""synthetic""}"
EV-00366,TCK-1043,2026-08-25T18:00:00,CUSTOMER_UPDATE,AGENT,agent-b,Middle East,ME Support,,,Acknowledgement sent to the customer.,,,,,,,,"{""source"": ""synthetic""}"
EV-00367,TCK-1043,2026-08-25T20:00:00,WORK_NOTE,AGENT,agent-c,Middle East,ME Support,,,Technical review completed.,,,,,,,,"{""source"": ""synthetic""}"
EV-00368,TCK-1043,2026-08-25T22:00:00,APPROVAL_REQUESTED,AGENT,agent-b,Middle East,ME Support,,,Procurement approval requested for the requested change.,,,,,,Procurement,,"{""source"": ""synthetic""}"
EV-00369,TCK-1043,2026-08-25T22:00:00,DEPENDENCY_CREATED,AGENT,agent-a,Middle East,ME Support,,,,approval:Procurement,Procurement approval,Security Review,,,,,"{""source"": ""synthetic""}"
EV-00370,TCK-1043,2026-08-25T22:00:00,PROMISED_DATE_SET,AGENT,agent-b,Middle East,ME Support,,,,,,,,,,2026-09-10,"{""source"": ""synthetic""}"
EV-00371,TCK-1043,2026-08-26T00:00:00,WORK_NOTE,AGENT,agent-b,Middle East,ME Support,,,Waiting for approval before proceeding.,,,,,,,,"{""source"": ""synthetic""}"
EV-00372,TCK-1043,2026-08-26T02:00:00,CUSTOMER_UPDATE,AGENT,agent-b,Middle East,ME Support,,,Progress update sent to the customer.,,,,,,,,"{""source"": ""synthetic""}"
EV-00373,TCK-1044,2026-08-25T09:00:00,STATUS_CHANGE,AGENT,agent-b,India,India Support,OPEN,IN_PROGRESS,Assigned for handling.,,,,,,,,"{""source"": ""synthetic""}"
EV-00374,TCK-1044,2026-08-25T10:00:00,ASSIGNMENT_CHANGE,AGENT,agent-a,India,India Support,,,Assigned to an agent in India Support.,,,,,,,,"{""source"": ""synthetic""}"
EV-00375,TCK-1044,2026-08-25T11:00:00,CUSTOMER_UPDATE,AGENT,agent-b,India,India Support,,,Acknowledgement sent to the customer.,,,,,,,,"{""source"": ""synthetic""}"
EV-00376,TCK-1044,2026-08-25T13:00:00,WORK_NOTE,AGENT,agent-b,India,India Support,,,Technical diagnosis completed; a replacement is required.,,,,,,,,"{""source"": ""synthetic""}"
EV-00377,TCK-1044,2026-08-25T15:00:00,TEAM_TRANSFER,AGENT,agent-b,India,Vendor Operations,,,Transferred to Vendor Operations for Northwind Components follow-up.,,,,,,,,"{""source"": ""synthetic""}"
EV-00378,TCK-1044,2026-08-25T17:00:00,VENDOR_UPDATE,AGENT,agent-b,India,Vendor Operations,,,"Component has shipped; tracking received., delivery is expected after September 8",,,,Northwind Components,firmware update,,,"{""source"": ""synthetic""}"
EV-00379,TCK-1044,2026-08-25T17:00:00,DEPENDENCY_CREATED,AGENT,agent-c,India,Vendor Operations,,,,vendor:Northwind Components,Vendor delivery from Northwind Components,Vendor Operations,Northwind Components,firmware update,,,"{""source"": ""synthetic""}"
EV-00380,TCK-1044,2026-08-25T17:00:00,PROMISED_DATE_SET,AGENT,agent-a,India,India Support,,,,,,,,,,2026-09-08,"{""source"": ""synthetic""}"
EV-00381,TCK-1044,2026-08-25T21:00:00,CUSTOMER_UPDATE,AGENT,agent-c,India,India Support,,,Progress update sent to the customer.,,,,,,,,"{""source"": ""synthetic""}"
EV-00382,TCK-1045,2026-08-29T10:00:00,STATUS_CHANGE,AGENT,agent-a,Middle East,ME Support,OPEN,IN_PROGRESS,Assigned for handling.,,,,,,,,"{""source"": ""synthetic""}"
EV-00383,TCK-1045,2026-08-29T11:00:00,ASSIGNMENT_CHANGE,AGENT,agent-b,Middle East,ME Support,,,Assigned to an agent in ME Support.,,,,,,,,"{""source"": ""synthetic""}"
EV-00384,TCK-1045,2026-08-29T12:00:00,CUSTOMER_UPDATE,AGENT,agent-c,Middle East,ME Support,,,Acknowledgement sent to the customer.,,,,,,,,"{""source"": ""synthetic""}"
EV-00385,TCK-1045,2026-08-29T16:00:00,TEAM_TRANSFER,AGENT,agent-b,North America,NA Support,,,Transferred to NA Support (North America).,,,,,,,,"{""source"": ""synthetic""}"
EV-00386,TCK-1045,2026-08-29T18:00:00,WORK_NOTE,AGENT,agent-c,North America,NA Support,,,Replicated the issue in the test environment.,,,,,,,,"{""source"": ""synthetic""}"
EV-00387,TCK-1045,2026-08-30T12:00:00,TEAM_TRANSFER,AGENT,agent-a,Europe,EU Support,,,Transferred to EU Support (Europe).,,,,,,,,"{""source"": ""synthetic""}"
EV-00388,TCK-1045,2026-08-30T14:00:00,WORK_NOTE,AGENT,agent-c,Europe,EU Support,,,Technical investigation completed.,,,,,,,,"{""source"": ""synthetic""}"
EV-00389,TCK-1045,2026-08-31T08:00:00,TEAM_TRANSFER,AGENT,agent-c,India,India Support,,,Transferred to India Support (India).,,,,,,,,"{""source"": ""synthetic""}"
EV-00390,TCK-1045,2026-08-31T10:00:00,WORK_NOTE,AGENT,agent-b,India,India Support,,,Escalated to the regional product expert for review.,,,,,,,,"{""source"": ""synthetic""}"
EV-00391,TCK-1045,2026-09-01T08:00:00,PROMISED_DATE_SET,AGENT,agent-c,Middle East,ME Support,,,,,,,,,,2026-09-08,"{""source"": ""synthetic""}"
EV-00392,TCK-1045,2026-09-01T10:00:00,WORK_NOTE,AGENT,agent-a,Middle East,ME Support,,,Coordinating handover between the regional teams.,,,,,,,,"{""source"": ""synthetic""}"
EV-00393,TCK-1046,2026-09-03T08:00:00,STATUS_CHANGE,AGENT,agent-b,Middle East,ME Support,OPEN,IN_PROGRESS,Assigned for handling.,,,,,,,,"{""source"": ""synthetic""}"
EV-00394,TCK-1046,2026-09-03T09:00:00,ASSIGNMENT_CHANGE,AGENT,agent-b,Middle East,ME Support,,,Assigned to an agent in ME Support.,,,,,,,,"{""source"": ""synthetic""}"
EV-00395,TCK-1046,2026-09-03T10:00:00,CUSTOMER_UPDATE,AGENT,agent-b,Middle East,ME Support,,,Acknowledgement sent to the customer.,,,,,,,,"{""source"": ""synthetic""}"
EV-00396,TCK-1046,2026-09-05T08:00:00,RESOLUTION,AGENT,agent-a,Middle East,ME Support,IN_PROGRESS,RESOLVED,"Issue resolved, agreed with the customer.",,,,,,,,"{""source"": ""synthetic""}"
EV-00397,TCK-1046,2026-09-06T06:00:00,REOPENED,AGENT,agent-b,Middle East,ME Support,,REOPENED,Customer reported the issue again; ticket reopened.,,,,,,,,"{""source"": ""synthetic""}"
EV-00398,TCK-1046,2026-09-06T08:00:00,WORK_NOTE,AGENT,agent-c,Middle East,ME Support,,,Reopened; new investigation started.,,,,,,,,"{""source"": ""synthetic""}"
EV-00399,TCK-1046,2026-09-06T10:00:00,PROMISED_DATE_SET,AGENT,agent-a,Middle East,ME Support,,,,,,,,,,2026-09-09,"{""source"": ""synthetic""}"
EV-00400,TCK-1047,2026-08-26T09:00:00,STATUS_CHANGE,AGENT,agent-a,Asia Pacific,APAC Support,OPEN,IN_PROGRESS,Assigned for handling.,,,,,,,,"{""source"": ""synthetic""}"
EV-00401,TCK-1047,2026-08-26T10:00:00,ASSIGNMENT_CHANGE,AGENT,agent-b,Asia Pacific,APAC Support,,,Assigned to an agent in APAC Support.,,,,,,,,"{""source"": ""synthetic""}"
EV-00402,TCK-1047,2026-08-26T11:00:00,CUSTOMER_UPDATE,AGENT,agent-c,Asia Pacific,APAC Support,,,Acknowledgement sent to the customer.,,,,,,,,"{""source"": ""synthetic""}"
EV-00403,TCK-1047,2026-08-26T13:00:00,WORK_NOTE,AGENT,agent-b,Asia Pacific,APAC Support,,,Technical diagnosis completed; a replacement is required.,,,,,,,,"{""source"": ""synthetic""}"
EV-00404,TCK-1047,2026-08-26T15:00:00,TEAM_TRANSFER,AGENT,agent-c,Asia Pacific,Vendor Operations,,,Transferred to Vendor Operations for Northwind Components follow-up.,,,,,,,,"{""source"": ""synthetic""}"
EV-00405,TCK-1047,2026-08-26T17:00:00,VENDOR_UPDATE,AGENT,agent-b,Asia Pacific,Vendor Operations,,,"Delivery rescheduled due to courier delay., delivery is expected after September 10",,,,Northwind Components,spare module,,,"{""source"": ""synthetic""}"
EV-00406,TCK-1047,2026-08-26T17:00:00,DEPENDENCY_CREATED,AGENT,agent-a,Asia Pacific,Vendor Operations,,,,vendor:Northwind Components,Vendor delivery from Northwind Components,Vendor Operations,Northwind Components,spare module,,,"{""source"": ""synthetic""}"
EV-00407,TCK-1047,2026-08-26T17:00:00,PROMISED_DATE_SET,AGENT,agent-b,Asia Pacific,APAC Support,,,,,,,,,,2026-09-12,"{""source"": ""synthetic""}"
EV-00408,TCK-1047,2026-08-28T21:00:00,VENDOR_UPDATE,AGENT,agent-c,Asia Pacific,Vendor Operations,,,Component has shipped; tracking received.,,,,Northwind Components,spare module,,,"{""source"": ""synthetic""}"
EV-00409,TCK-1047,2026-08-28T22:00:00,DEPENDENCY_COMPLETED,AGENT,agent-b,Asia Pacific,Vendor Operations,,,,vendor:Northwind Components,,,,,,,"{""source"": ""synthetic""}"
EV-00410,TCK-1047,2026-08-29T00:00:00,CUSTOMER_UPDATE,AGENT,agent-b,Asia Pacific,APAC Support,,,Progress update sent to the customer.,,,,,,,,"{""source"": ""synthetic""}"
EV-00411,TCK-1047,2026-08-29T01:00:00,RESOLUTION,AGENT,agent-b,Asia Pacific,APAC Support,IN_PROGRESS,RESOLVED,Replacement installed and verified.,,,,,,,,"{""source"": ""synthetic""}"
EV-00412,TCK-1048,2026-08-28T10:00:00,STATUS_CHANGE,AGENT,agent-a,Middle East,ME Support,OPEN,IN_PROGRESS,Assigned for handling.,,,,,,,,"{""source"": ""synthetic""}"
EV-00413,TCK-1048,2026-08-28T11:00:00,ASSIGNMENT_CHANGE,AGENT,agent-b,Middle East,ME Support,,,Assigned to an agent in ME Support.,,,,,,,,"{""source"": ""synthetic""}"
EV-00414,TCK-1048,2026-08-28T12:00:00,CUSTOMER_UPDATE,AGENT,agent-c,Middle East,ME Support,,,Acknowledgement sent to the customer.,,,,,,,,"{""source"": ""synthetic""}"
EV-00415,TCK-1048,2026-08-28T14:00:00,WORK_NOTE,AGENT,agent-b,Middle East,ME Support,,,Technical review completed.,,,,,,,,"{""source"": ""synthetic""}"
EV-00416,TCK-1048,2026-08-28T16:00:00,APPROVAL_REQUESTED,AGENT,agent-c,Middle East,ME Support,,,Legal approval requested for the requested change.,,,,,,Legal,,"{""source"": ""synthetic""}"
EV-00417,TCK-1048,2026-08-28T16:00:00,DEPENDENCY_CREATED,AGENT,agent-b,Middle East,ME Support,,,,approval:Legal,Legal approval,Security Review,,,,,"{""source"": ""synthetic""}"
EV-00418,TCK-1048,2026-08-28T16:00:00,PROMISED_DATE_SET,AGENT,agent-b,Middle East,ME Support,,,,,,,,,,2026-09-10,"{""source"": ""synthetic""}"
EV-00419,TCK-1048,2026-08-30T16:00:00,APPROVAL_COMPLETED,AGENT,agent-c,Middle East,ME Support,,,Legal approval completed.,,,,,,Legal,,"{""source"": ""synthetic""}"
EV-00420,TCK-1048,2026-08-30T18:00:00,DEPENDENCY_COMPLETED,AGENT,agent-c,Middle East,ME Support,,,,approval:Legal,,,,,,,"{""source"": ""synthetic""}"
EV-00421,TCK-1048,2026-08-30T19:00:00,CUSTOMER_UPDATE,AGENT,agent-a,Middle East,ME Support,,,Progress update sent to the customer.,,,,,,,,"{""source"": ""synthetic""}"
EV-00422,TCK-1048,2026-08-30T20:00:00,RESOLUTION,AGENT,agent-b,Middle East,ME Support,IN_PROGRESS,RESOLVED,Change implemented and verified.,,,,,,,,"{""source"": ""synthetic""}"
EV-00423,TCK-1049,2026-08-27T12:00:00,STATUS_CHANGE,AGENT,agent-c,North America,NA Support,OPEN,IN_PROGRESS,Assigned for handling.,,,,,,,,"{""source"": ""synthetic""}"
EV-00424,TCK-1049,2026-08-27T13:00:00,ASSIGNMENT_CHANGE,AGENT,agent-a,North America,NA Support,,,Assigned to an agent in NA Support.,,,,,,,,"{""source"": ""synthetic""}"
EV-00425,TCK-1049,2026-08-27T14:00:00,CUSTOMER_UPDATE,AGENT,agent-b,North America,NA Support,,,Acknowledgement sent to the customer.,,,,,,,,"{""source"": ""synthetic""}"
EV-00426,TCK-1049,2026-08-27T21:00:00,WORK_NOTE,AGENT,agent-a,North America,NA Support,,,Verified the fix in staging; next step is a production change.,,,,,,,,"{""source"": ""synthetic""}"
EV-00427,TCK-1049,2026-08-27T23:00:00,PROMISED_DATE_SET,AGENT,agent-b,North America,NA Support,,,,,,,,,,2026-08-29,"{""source"": ""synthetic""}"
EV-00428,TCK-1049,2026-08-28T01:00:00,WORK_NOTE,AGENT,agent-b,North America,NA Support,,,Configuration change scheduled for this week.,,,,,,,,"{""source"": ""synthetic""}"
EV-00429,TCK-1049,2026-08-28T21:00:00,CUSTOMER_UPDATE,AGENT,agent-c,North America,NA Support,,,Progress update sent to the customer.,,,,,,,,"{""source"": ""synthetic""}"
EV-00430,TCK-1049,2026-08-28T23:00:00,RESOLUTION,AGENT,agent-c,North America,NA Support,IN_PROGRESS,RESOLVED,"Issue resolved, agreed with the customer.",,,,,,,,"{""source"": ""synthetic""}"
EV-00431,TCK-1050,2026-08-30T15:00:00,STATUS_CHANGE,AGENT,agent-a,Asia Pacific,APAC Support,OPEN,IN_PROGRESS,Assigned for handling.,,,,,,,,"{""source"": ""synthetic""}"
EV-00432,TCK-1050,2026-08-30T16:00:00,ASSIGNMENT_CHANGE,AGENT,agent-c,Asia Pacific,APAC Support,,,Assigned to an agent in APAC Support.,,,,,,,,"{""source"": ""synthetic""}"
EV-00433,TCK-1050,2026-08-30T17:00:00,CUSTOMER_UPDATE,AGENT,agent-c,Asia Pacific,APAC Support,,,Acknowledgement sent to the customer.,,,,,,,,"{""source"": ""synthetic""}"
EV-00434,TCK-1050,2026-08-30T19:00:00,WORK_NOTE,AGENT,agent-b,Asia Pacific,APAC Support,,,Technical review completed.,,,,,,,,"{""source"": ""synthetic""}"
EV-00435,TCK-1050,2026-08-30T21:00:00,APPROVAL_REQUESTED,AGENT,agent-a,Asia Pacific,APAC Support,,,Finance approval requested for the requested change.,,,,,,Finance,,"{""source"": ""synthetic""}"
EV-00436,TCK-1050,2026-08-30T21:00:00,DEPENDENCY_CREATED,AGENT,agent-c,Asia Pacific,APAC Support,,,,approval:Finance,Finance approval,Finance Approval,,,,,"{""source"": ""synthetic""}"
EV-00437,TCK-1050,2026-08-30T21:00:00,PROMISED_DATE_SET,AGENT,agent-a,Asia Pacific,APAC Support,,,,,,,,,,2026-09-13,"{""source"": ""synthetic""}"
EV-00438,TCK-1050,2026-09-01T21:00:00,APPROVAL_COMPLETED,AGENT,agent-b,Asia Pacific,APAC Support,,,Finance approval completed.,,,,,,Finance,,"{""source"": ""synthetic""}"
EV-00439,TCK-1050,2026-09-01T23:00:00,DEPENDENCY_COMPLETED,AGENT,agent-a,Asia Pacific,APAC Support,,,,approval:Finance,,,,,,,"{""source"": ""synthetic""}"
EV-00440,TCK-1050,2026-09-02T00:00:00,CUSTOMER_UPDATE,AGENT,agent-c,Asia Pacific,APAC Support,,,Progress update sent to the customer.,,,,,,,,"{""source"": ""synthetic""}"
EV-00441,TCK-1050,2026-09-02T01:00:00,RESOLUTION,AGENT,agent-c,Asia Pacific,APAC Support,IN_PROGRESS,RESOLVED,Change implemented and verified.,,,,,,,,"{""source"": ""synthetic""}"
EV-00442,TCK-1051,2026-09-02T11:00:00,STATUS_CHANGE,AGENT,agent-b,North America,NA Support,OPEN,IN_PROGRESS,Assigned for handling.,,,,,,,,"{""source"": ""synthetic""}"
EV-00443,TCK-1051,2026-09-02T12:00:00,ASSIGNMENT_CHANGE,AGENT,agent-b,North America,NA Support,,,Assigned to an agent in NA Support.,,,,,,,,"{""source"": ""synthetic""}"
EV-00444,TCK-1051,2026-09-02T13:00:00,CUSTOMER_UPDATE,AGENT,agent-a,North America,NA Support,,,Acknowledgement sent to the customer.,,,,,,,,"{""source"": ""synthetic""}"
EV-00445,TCK-1051,2026-09-02T15:00:00,WORK_NOTE,AGENT,agent-a,North America,NA Support,,,Technical review completed.,,,,,,,,"{""source"": ""synthetic""}"
EV-00446,TCK-1051,2026-09-02T17:00:00,APPROVAL_REQUESTED,AGENT,agent-c,North America,NA Support,,,Procurement approval requested for the requested change.,,,,,,Procurement,,"{""source"": ""synthetic""}"
EV-00447,TCK-1051,2026-09-02T17:00:00,DEPENDENCY_CREATED,AGENT,agent-b,North America,NA Support,,,,approval:Procurement,Procurement approval,Security Review,,,,,"{""source"": ""synthetic""}"
EV-00448,TCK-1051,2026-09-02T17:00:00,PROMISED_DATE_SET,AGENT,agent-c,North America,NA Support,,,,,,,,,,2026-09-13,"{""source"": ""synthetic""}"
EV-00449,TCK-1051,2026-09-04T17:00:00,APPROVAL_COMPLETED,AGENT,agent-c,North America,NA Support,,,Procurement approval completed.,,,,,,Procurement,,"{""source"": ""synthetic""}"
EV-00450,TCK-1051,2026-09-04T19:00:00,DEPENDENCY_COMPLETED,AGENT,agent-a,North America,NA Support,,,,approval:Procurement,,,,,,,"{""source"": ""synthetic""}"
EV-00451,TCK-1051,2026-09-04T20:00:00,CUSTOMER_UPDATE,AGENT,agent-a,North America,NA Support,,,Progress update sent to the customer.,,,,,,,,"{""source"": ""synthetic""}"
EV-00452,TCK-1051,2026-09-04T21:00:00,RESOLUTION,AGENT,agent-a,North America,NA Support,IN_PROGRESS,RESOLVED,Change implemented and verified.,,,,,,,,"{""source"": ""synthetic""}"
EV-00453,TCK-1052,2026-08-26T10:00:00,STATUS_CHANGE,AGENT,agent-b,North America,NA Support,OPEN,IN_PROGRESS,Assigned for handling.,,,,,,,,"{""source"": ""synthetic""}"
EV-00454,TCK-1052,2026-08-26T11:00:00,ASSIGNMENT_CHANGE,AGENT,agent-c,North America,NA Support,,,Assigned to an agent in NA Support.,,,,,,,,"{""source"": ""synthetic""}"
EV-00455,TCK-1052,2026-08-26T12:00:00,CUSTOMER_UPDATE,AGENT,agent-a,North America,NA Support,,,Acknowledgement sent to the customer.,,,,,,,,"{""source"": ""synthetic""}"
EV-00456,TCK-1052,2026-08-26T19:00:00,WORK_NOTE,AGENT,agent-b,North America,NA Support,,,Replicated the issue in the test environment.,,,,,,,,"{""source"": ""synthetic""}"
EV-00457,TCK-1052,2026-08-26T21:00:00,PROMISED_DATE_SET,AGENT,agent-a,North America,NA Support,,,,,,,,,,2026-08-29,"{""source"": ""synthetic""}"
EV-00458,TCK-1052,2026-08-26T23:00:00,WORK_NOTE,AGENT,agent-b,North America,NA Support,,,Configuration change scheduled for this week.,,,,,,,,"{""source"": ""synthetic""}"
EV-00459,TCK-1052,2026-08-27T19:00:00,CUSTOMER_UPDATE,AGENT,agent-c,North America,NA Support,,,Progress update sent to the customer.,,,,,,,,"{""source"": ""synthetic""}"
EV-00460,TCK-1052,2026-08-27T21:00:00,RESOLUTION,AGENT,agent-b,North America,NA Support,IN_PROGRESS,RESOLVED,"Issue resolved, agreed with the customer.",,,,,,,,"{""source"": ""synthetic""}"
EV-00461,TCK-1053,2026-08-24T14:00:00,STATUS_CHANGE,AGENT,agent-b,Latin America,LATAM Support,OPEN,IN_PROGRESS,Assigned for handling.,,,,,,,,"{""source"": ""synthetic""}"
EV-00462,TCK-1053,2026-08-24T15:00:00,ASSIGNMENT_CHANGE,AGENT,agent-c,Latin America,LATAM Support,,,Assigned to an agent in LATAM Support.,,,,,,,,"{""source"": ""synthetic""}"
EV-00463,TCK-1053,2026-08-24T16:00:00,CUSTOMER_UPDATE,AGENT,agent-b,Latin America,LATAM Support,,,Acknowledgement sent to the customer.,,,,,,,,"{""source"": ""synthetic""}"
EV-00464,TCK-1053,2026-08-24T18:00:00,WORK_NOTE,AGENT,agent-c,Latin America,LATAM Support,,,Technical diagnosis completed; a replacement is required.,,,,,,,,"{""source"": ""synthetic""}"
EV-00465,TCK-1053,2026-08-24T20:00:00,TEAM_TRANSFER,AGENT,agent-b,Latin America,Vendor Operations,,,Transferred to Vendor Operations for Quanta Electronics follow-up.,,,,,,,,"{""source"": ""synthetic""}"
EV-00466,TCK-1053,2026-08-24T22:00:00,VENDOR_UPDATE,AGENT,agent-a,Latin America,Vendor Operations,,,"Part dispatched; estimated arrival next week., delivery is expected after September 10",,,,Quanta Electronics,replacement component,,,"{""source"": ""synthetic""}"
EV-00467,TCK-1053,2026-08-24T22:00:00,DEPENDENCY_CREATED,AGENT,agent-c,Latin America,Vendor Operations,,,,vendor:Quanta Electronics,Vendor delivery from Quanta Electronics,Vendor Operations,Quanta Electronics,replacement component,,,"{""source"": ""synthetic""}"
EV-00468,TCK-1053,2026-08-24T22:00:00,PROMISED_DATE_SET,AGENT,agent-b,Latin America,LATAM Support,,,,,,,,,,2026-09-10,"{""source"": ""synthetic""}"
EV-00469,TCK-1053,2026-08-27T02:00:00,VENDOR_UPDATE,AGENT,agent-b,Latin America,Vendor Operations,,,Component has shipped; tracking received.,,,,Quanta Electronics,replacement component,,,"{""source"": ""synthetic""}"
EV-00470,TCK-1053,2026-08-27T03:00:00,DEPENDENCY_COMPLETED,AGENT,agent-a,Latin America,Vendor Operations,,,,vendor:Quanta Electronics,,,,,,,"{""source"": ""synthetic""}"
EV-00471,TCK-1053,2026-08-27T05:00:00,CUSTOMER_UPDATE,AGENT,agent-c,Latin America,LATAM Support,,,Progress update sent to the customer.,,,,,,,,"{""source"": ""synthetic""}"
EV-00472,TCK-1053,2026-08-27T06:00:00,RESOLUTION,AGENT,agent-c,Latin America,LATAM Support,IN_PROGRESS,RESOLVED,Replacement installed and verified.,,,,,,,,"{""source"": ""synthetic""}"
EV-00473,TCK-1054,2026-08-26T14:00:00,STATUS_CHANGE,AGENT,agent-c,Latin America,LATAM Support,OPEN,IN_PROGRESS,Assigned for handling.,,,,,,,,"{""source"": ""synthetic""}"
EV-00474,TCK-1054,2026-08-26T15:00:00,ASSIGNMENT_CHANGE,AGENT,agent-b,Latin America,LATAM Support,,,Assigned to an agent in LATAM Support.,,,,,,,,"{""source"": ""synthetic""}"
EV-00475,TCK-1054,2026-08-26T16:00:00,CUSTOMER_UPDATE,AGENT,agent-c,Latin America,LATAM Support,,,Acknowledgement sent to the customer.,,,,,,,,"{""source"": ""synthetic""}"
EV-00476,TCK-1054,2026-08-26T23:00:00,WORK_NOTE,AGENT,agent-c,Latin America,LATAM Support,,,Verified the fix in staging; next step is a production change.,,,,,,,,"{""source"": ""synthetic""}"
EV-00477,TCK-1054,2026-08-27T01:00:00,PROMISED_DATE_SET,AGENT,agent-c,Latin America,LATAM Support,,,,,,,,,,2026-08-29,"{""source"": ""synthetic""}"
EV-00478,TCK-1054,2026-08-27T03:00:00,WORK_NOTE,AGENT,agent-a,Latin America,LATAM Support,,,Configuration change scheduled for this week.,,,,,,,,"{""source"": ""synthetic""}"
EV-00479,TCK-1054,2026-08-27T23:00:00,CUSTOMER_UPDATE,AGENT,agent-b,Latin America,LATAM Support,,,Progress update sent to the customer.,,,,,,,,"{""source"": ""synthetic""}"
EV-00480,TCK-1054,2026-08-28T01:00:00,RESOLUTION,AGENT,agent-b,Latin America,LATAM Support,IN_PROGRESS,RESOLVED,"Issue resolved, agreed with the customer.",,,,,,,,"{""source"": ""synthetic""}"
EV-00481,TCK-1055,2026-08-24T08:00:00,STATUS_CHANGE,AGENT,agent-c,North America,NA Support,OPEN,IN_PROGRESS,Assigned for handling.,,,,,,,,"{""source"": ""synthetic""}"
EV-00482,TCK-1055,2026-08-24T09:00:00,ASSIGNMENT_CHANGE,AGENT,agent-b,North America,NA Support,,,Assigned to an agent in NA Support.,,,,,,,,"{""source"": ""synthetic""}"
EV-00483,TCK-1055,2026-08-24T10:00:00,CUSTOMER_UPDATE,AGENT,agent-c,North America,NA Support,,,Acknowledgement sent to the customer.,,,,,,,,"{""source"": ""synthetic""}"
EV-00484,TCK-1055,2026-08-24T15:00:00,WORK_NOTE,AGENT,agent-a,North America,NA Support,,,Configuration change scheduled for this week.,,,,,,,,"{""source"": ""synthetic""}"
EV-00485,TCK-1055,2026-08-24T17:00:00,PROMISED_DATE_SET,AGENT,agent-b,North America,NA Support,,,,,,,,,,2026-08-28,"{""source"": ""synthetic""}"
EV-00486,TCK-1055,2026-08-24T19:00:00,WORK_NOTE,AGENT,agent-b,North America,NA Support,,,Configuration change scheduled for this week.,,,,,,,,"{""source"": ""synthetic""}"
EV-00487,TCK-1055,2026-08-25T15:00:00,CUSTOMER_UPDATE,AGENT,agent-a,North America,NA Support,,,Progress update sent to the customer.,,,,,,,,"{""source"": ""synthetic""}"
EV-00488,TCK-1055,2026-08-25T17:00:00,RESOLUTION,AGENT,agent-b,North America,NA Support,IN_PROGRESS,RESOLVED,"Issue resolved, agreed with the customer.",,,,,,,,"{""source"": ""synthetic""}"
EV-00489,TCK-1056,2026-09-01T13:00:00,STATUS_CHANGE,AGENT,agent-c,North America,NA Support,OPEN,IN_PROGRESS,Assigned for handling.,,,,,,,,"{""source"": ""synthetic""}"
EV-00490,TCK-1056,2026-09-01T14:00:00,ASSIGNMENT_CHANGE,AGENT,agent-a,North America,NA Support,,,Assigned to an agent in NA Support.,,,,,,,,"{""source"": ""synthetic""}"
EV-00491,TCK-1056,2026-09-01T15:00:00,CUSTOMER_UPDATE,AGENT,agent-b,North America,NA Support,,,Acknowledgement sent to the customer.,,,,,,,,"{""source"": ""synthetic""}"
EV-00492,TCK-1056,2026-09-01T18:00:00,WORK_NOTE,AGENT,agent-c,North America,NA Support,,,Verified the fix in staging; next step is a production change.,,,,,,,,"{""source"": ""synthetic""}"
EV-00493,TCK-1056,2026-09-01T20:00:00,PROMISED_DATE_SET,AGENT,agent-c,North America,NA Support,,,,,,,,,,2026-09-05,"{""source"": ""synthetic""}"
EV-00494,TCK-1056,2026-09-01T22:00:00,WORK_NOTE,AGENT,agent-b,North America,NA Support,,,Configuration change scheduled for this week.,,,,,,,,"{""source"": ""synthetic""}"
EV-00495,TCK-1056,2026-09-02T18:00:00,CUSTOMER_UPDATE,AGENT,agent-a,North America,NA Support,,,Progress update sent to the customer.,,,,,,,,"{""source"": ""synthetic""}"
EV-00496,TCK-1056,2026-09-02T20:00:00,RESOLUTION,AGENT,agent-c,North America,NA Support,IN_PROGRESS,RESOLVED,"Issue resolved, agreed with the customer.",,,,,,,,"{""source"": ""synthetic""}"
EV-00497,TCK-1057,2026-09-04T15:00:00,STATUS_CHANGE,AGENT,agent-c,Europe,EU Support,OPEN,IN_PROGRESS,Assigned for handling.,,,,,,,,"{""source"": ""synthetic""}"
EV-00498,TCK-1057,2026-09-04T16:00:00,ASSIGNMENT_CHANGE,AGENT,agent-b,Europe,EU Support,,,Assigned to an agent in EU Support.,,,,,,,,"{""source"": ""synthetic""}"
EV-00499,TCK-1057,2026-09-04T17:00:00,CUSTOMER_UPDATE,AGENT,agent-a,Europe,EU Support,,,Acknowledgement sent to the customer.,,,,,,,,"{""source"": ""synthetic""}"
EV-00500,TCK-1057,2026-09-04T19:00:00,WORK_NOTE,AGENT,agent-a,Europe,EU Support,,,Technical review completed.,,,,,,,,"{""source"": ""synthetic""}"
EV-00501,TCK-1057,2026-09-04T21:00:00,APPROVAL_REQUESTED,AGENT,agent-a,Europe,EU Support,,,Procurement approval requested for the requested change.,,,,,,Procurement,,"{""source"": ""synthetic""}"
EV-00502,TCK-1057,2026-09-04T21:00:00,DEPENDENCY_CREATED,AGENT,agent-a,Europe,EU Support,,,,approval:Procurement,Procurement approval,Security Review,,,,,"{""source"": ""synthetic""}"
EV-00503,TCK-1057,2026-09-04T21:00:00,PROMISED_DATE_SET,AGENT,agent-b,Europe,EU Support,,,,,,,,,,2026-09-12,"{""source"": ""synthetic""}"
EV-00504,TCK-1057,2026-09-06T21:00:00,APPROVAL_COMPLETED,AGENT,agent-b,Europe,EU Support,,,Procurement approval completed.,,,,,,Procurement,,"{""source"": ""synthetic""}"
EV-00505,TCK-1057,2026-09-06T23:00:00,DEPENDENCY_COMPLETED,AGENT,agent-a,Europe,EU Support,,,,approval:Procurement,,,,,,,"{""source"": ""synthetic""}"
EV-00506,TCK-1057,2026-09-07T00:00:00,CUSTOMER_UPDATE,AGENT,agent-a,Europe,EU Support,,,Progress update sent to the customer.,,,,,,,,"{""source"": ""synthetic""}"
EV-00507,TCK-1057,2026-09-07T01:00:00,RESOLUTION,AGENT,agent-a,Europe,EU Support,IN_PROGRESS,RESOLVED,Change implemented and verified.,,,,,,,,"{""source"": ""synthetic""}"
EV-00508,TCK-1058,2026-08-29T12:00:00,STATUS_CHANGE,AGENT,agent-c,Middle East,ME Support,OPEN,IN_PROGRESS,Assigned for handling.,,,,,,,,"{""source"": ""synthetic""}"
EV-00509,TCK-1058,2026-08-29T13:00:00,ASSIGNMENT_CHANGE,AGENT,agent-a,Middle East,ME Support,,,Assigned to an agent in ME Support.,,,,,,,,"{""source"": ""synthetic""}"
EV-00510,TCK-1058,2026-08-29T14:00:00,CUSTOMER_UPDATE,AGENT,agent-b,Middle East,ME Support,,,Acknowledgement sent to the customer.,,,,,,,,"{""source"": ""synthetic""}"
EV-00511,TCK-1058,2026-08-29T18:00:00,TEAM_TRANSFER,AGENT,agent-b,North America,NA Support,,,Transferred to NA Support (North America).,,,,,,,,"{""source"": ""synthetic""}"
EV-00512,TCK-1058,2026-08-29T20:00:00,WORK_NOTE,AGENT,agent-c,North America,NA Support,,,Technical investigation completed.,,,,,,,,"{""source"": ""synthetic""}"
EV-00513,TCK-1058,2026-08-30T14:00:00,TEAM_TRANSFER,AGENT,agent-a,Europe,EU Support,,,Transferred to EU Support (Europe).,,,,,,,,"{""source"": ""synthetic""}"
EV-00514,TCK-1058,2026-08-30T16:00:00,WORK_NOTE,AGENT,agent-b,Europe,EU Support,,,Replicated the issue in the test environment.,,,,,,,,"{""source"": ""synthetic""}"
EV-00515,TCK-1058,2026-08-31T10:00:00,TEAM_TRANSFER,AGENT,agent-b,India,India Support,,,Transferred to India Support (India).,,,,,,,,"{""source"": ""synthetic""}"
EV-00516,TCK-1058,2026-08-31T12:00:00,WORK_NOTE,AGENT,agent-c,India,India Support,,,Collected diagnostic logs from the system.,,,,,,,,"{""source"": ""synthetic""}"
EV-00517,TCK-1058,2026-09-01T10:00:00,PROMISED_DATE_SET,AGENT,agent-b,Middle East,ME Support,,,,,,,,,,2026-09-11,"{""source"": ""synthetic""}"
EV-00518,TCK-1058,2026-09-01T12:00:00,WORK_NOTE,AGENT,agent-c,Middle East,ME Support,,,Coordinating handover between the regional teams.,,,,,,,,"{""source"": ""synthetic""}"
EV-00519,TCK-1059,2026-09-04T11:00:00,STATUS_CHANGE,AGENT,agent-a,Latin America,LATAM Support,OPEN,IN_PROGRESS,Assigned for handling.,,,,,,,,"{""source"": ""synthetic""}"
EV-00520,TCK-1059,2026-09-04T12:00:00,ASSIGNMENT_CHANGE,AGENT,agent-b,Latin America,LATAM Support,,,Assigned to an agent in LATAM Support.,,,,,,,,"{""source"": ""synthetic""}"
EV-00521,TCK-1059,2026-09-04T13:00:00,CUSTOMER_UPDATE,AGENT,agent-a,Latin America,LATAM Support,,,Acknowledgement sent to the customer.,,,,,,,,"{""source"": ""synthetic""}"
EV-00522,TCK-1059,2026-09-04T15:00:00,WORK_NOTE,AGENT,agent-a,Latin America,LATAM Support,,,Technical review completed.,,,,,,,,"{""source"": ""synthetic""}"
EV-00523,TCK-1059,2026-09-04T17:00:00,APPROVAL_REQUESTED,AGENT,agent-c,Latin America,LATAM Support,,,Finance approval requested for the requested change.,,,,,,Finance,,"{""source"": ""synthetic""}"
EV-00524,TCK-1059,2026-09-04T17:00:00,DEPENDENCY_CREATED,AGENT,agent-a,Latin America,LATAM Support,,,,approval:Finance,Finance approval,Finance Approval,,,,,"{""source"": ""synthetic""}"
EV-00525,TCK-1059,2026-09-04T17:00:00,PROMISED_DATE_SET,AGENT,agent-a,Latin America,LATAM Support,,,,,,,,,,2026-09-11,"{""source"": ""synthetic""}"
EV-00526,TCK-1059,2026-09-04T19:00:00,WORK_NOTE,AGENT,agent-c,Latin America,LATAM Support,,,Waiting for approval before proceeding.,,,,,,,,"{""source"": ""synthetic""}"
EV-00527,TCK-1059,2026-09-04T21:00:00,CUSTOMER_UPDATE,AGENT,agent-a,Latin America,LATAM Support,,,Progress update sent to the customer.,,,,,,,,"{""source"": ""synthetic""}"
EV-00528,TCK-1060,2026-09-01T09:00:00,STATUS_CHANGE,AGENT,agent-a,Middle East,ME Support,OPEN,IN_PROGRESS,Assigned for handling.,,,,,,,,"{""source"": ""synthetic""}"
EV-00529,TCK-1060,2026-09-01T10:00:00,ASSIGNMENT_CHANGE,AGENT,agent-a,Middle East,ME Support,,,Assigned to an agent in ME Support.,,,,,,,,"{""source"": ""synthetic""}"
EV-00530,TCK-1060,2026-09-01T11:00:00,CUSTOMER_UPDATE,AGENT,agent-c,Middle East,ME Support,,,Acknowledgement sent to the customer.,,,,,,,,"{""source"": ""synthetic""}"
EV-00531,TCK-1060,2026-09-01T18:00:00,WORK_NOTE,AGENT,agent-a,Middle East,ME Support,,,Technical investigation completed.,,,,,,,,"{""source"": ""synthetic""}"
EV-00532,TCK-1060,2026-09-01T20:00:00,PROMISED_DATE_SET,AGENT,agent-b,Middle East,ME Support,,,,,,,,,,2026-09-03,"{""source"": ""synthetic""}"
EV-00533,TCK-1060,2026-09-01T22:00:00,WORK_NOTE,AGENT,agent-a,Middle East,ME Support,,,Configuration change scheduled for this week.,,,,,,,,"{""source"": ""synthetic""}"
EV-00534,TCK-1060,2026-09-02T18:00:00,CUSTOMER_UPDATE,AGENT,agent-a,Middle East,ME Support,,,Progress update sent to the customer.,,,,,,,,"{""source"": ""synthetic""}"
EV-00535,TCK-1060,2026-09-02T20:00:00,RESOLUTION,AGENT,agent-a,Middle East,ME Support,IN_PROGRESS,RESOLVED,"Issue resolved, agreed with the customer.",,,,,,,,"{""source"": ""synthetic""}"
EV-00536,TCK-1061,2026-09-02T13:00:00,STATUS_CHANGE,AGENT,agent-c,India,India Support,OPEN,IN_PROGRESS,Assigned for handling.,,,,,,,,"{""source"": ""synthetic""}"
EV-00537,TCK-1061,2026-09-02T14:00:00,ASSIGNMENT_CHANGE,AGENT,agent-c,India,India Support,,,Assigned to an agent in India Support.,,,,,,,,"{""source"": ""synthetic""}"
EV-00538,TCK-1061,2026-09-02T15:00:00,CUSTOMER_UPDATE,AGENT,agent-a,India,India Support,,,Acknowledgement sent to the customer.,,,,,,,,"{""source"": ""synthetic""}"
EV-00539,TCK-1061,2026-09-02T17:00:00,WORK_NOTE,AGENT,agent-b,India,India Support,,,Technical review completed.,,,,,,,,"{""source"": ""synthetic""}"
EV-00540,TCK-1061,2026-09-02T19:00:00,APPROVAL_REQUESTED,AGENT,agent-c,India,India Support,,,Procurement approval requested for the requested change.,,,,,,Procurement,,"{""source"": ""synthetic""}"
EV-00541,TCK-1061,2026-09-02T19:00:00,DEPENDENCY_CREATED,AGENT,agent-a,India,India Support,,,,approval:Procurement,Procurement approval,Security Review,,,,,"{""source"": ""synthetic""}"
EV-00542,TCK-1061,2026-09-02T19:00:00,PROMISED_DATE_SET,AGENT,agent-c,India,India Support,,,,,,,,,,2026-09-13,"{""source"": ""synthetic""}"
EV-00543,TCK-1061,2026-09-02T21:00:00,WORK_NOTE,AGENT,agent-a,India,India Support,,,Waiting for approval before proceeding.,,,,,,,,"{""source"": ""synthetic""}"
EV-00544,TCK-1061,2026-09-02T23:00:00,CUSTOMER_UPDATE,AGENT,agent-c,India,India Support,,,Progress update sent to the customer.,,,,,,,,"{""source"": ""synthetic""}"
EV-00545,TCK-1062,2026-08-28T07:00:00,STATUS_CHANGE,AGENT,agent-c,Latin America,LATAM Support,OPEN,IN_PROGRESS,Assigned for handling.,,,,,,,,"{""source"": ""synthetic""}"
EV-00546,TCK-1062,2026-08-28T08:00:00,ASSIGNMENT_CHANGE,AGENT,agent-b,Latin America,LATAM Support,,,Assigned to an agent in LATAM Support.,,,,,,,,"{""source"": ""synthetic""}"
EV-00547,TCK-1062,2026-08-28T09:00:00,CUSTOMER_UPDATE,AGENT,agent-a,Latin America,LATAM Support,,,Acknowledgement sent to the customer.,,,,,,,,"{""source"": ""synthetic""}"
EV-00548,TCK-1062,2026-08-28T10:00:00,WORK_NOTE,AGENT,agent-c,Latin America,LATAM Support,,,Performed first-line troubleshooting; the issue persists.,,,,,,,,"{""source"": ""synthetic""}"
EV-00549,TCK-1062,2026-08-28T12:00:00,PROMISED_DATE_SET,AGENT,agent-a,Latin America,LATAM Support,,,,,,,,,,2026-08-31,"{""source"": ""synthetic""}"
EV-00550,TCK-1062,2026-08-28T14:00:00,WORK_NOTE,AGENT,agent-a,Latin America,LATAM Support,,,Configuration change scheduled for this week.,,,,,,,,"{""source"": ""synthetic""}"
EV-00551,TCK-1062,2026-08-29T10:00:00,CUSTOMER_UPDATE,AGENT,agent-c,Latin America,LATAM Support,,,Progress update sent to the customer.,,,,,,,,"{""source"": ""synthetic""}"
EV-00552,TCK-1062,2026-08-29T12:00:00,RESOLUTION,AGENT,agent-c,Latin America,LATAM Support,IN_PROGRESS,RESOLVED,"Issue resolved, agreed with the customer.",,,,,,,,"{""source"": ""synthetic""}"
EV-00553,TCK-1063,2026-08-29T15:00:00,STATUS_CHANGE,AGENT,agent-c,Middle East,ME Support,OPEN,IN_PROGRESS,Assigned for handling.,,,,,,,,"{""source"": ""synthetic""}"
EV-00554,TCK-1063,2026-08-29T16:00:00,ASSIGNMENT_CHANGE,AGENT,agent-a,Middle East,ME Support,,,Assigned to an agent in ME Support.,,,,,,,,"{""source"": ""synthetic""}"
EV-00555,TCK-1063,2026-08-29T17:00:00,CUSTOMER_UPDATE,AGENT,agent-c,Middle East,ME Support,,,Acknowledgement sent to the customer.,,,,,,,,"{""source"": ""synthetic""}"
EV-00556,TCK-1063,2026-08-29T19:00:00,WORK_NOTE,AGENT,agent-c,Middle East,ME Support,,,Technical review completed.,,,,,,,,"{""source"": ""synthetic""}"
EV-00557,TCK-1063,2026-08-29T21:00:00,APPROVAL_REQUESTED,AGENT,agent-c,Middle East,ME Support,,,Finance approval requested for the requested change.,,,,,,Finance,,"{""source"": ""synthetic""}"
EV-00558,TCK-1063,2026-08-29T21:00:00,DEPENDENCY_CREATED,AGENT,agent-c,Middle East,ME Support,,,,approval:Finance,Finance approval,Finance Approval,,,,,"{""source"": ""synthetic""}"
EV-00559,TCK-1063,2026-08-29T21:00:00,PROMISED_DATE_SET,AGENT,agent-a,Middle East,ME Support,,,,,,,,,,2026-09-12,"{""source"": ""synthetic""}"
EV-00560,TCK-1063,2026-08-31T21:00:00,APPROVAL_COMPLETED,AGENT,agent-b,Middle East,ME Support,,,Finance approval completed.,,,,,,Finance,,"{""source"": ""synthetic""}"
EV-00561,TCK-1063,2026-08-31T23:00:00,DEPENDENCY_COMPLETED,AGENT,agent-b,Middle East,ME Support,,,,approval:Finance,,,,,,,"{""source"": ""synthetic""}"
EV-00562,TCK-1063,2026-09-01T00:00:00,CUSTOMER_UPDATE,AGENT,agent-a,Middle East,ME Support,,,Progress update sent to the customer.,,,,,,,,"{""source"": ""synthetic""}"
EV-00563,TCK-1063,2026-09-01T01:00:00,RESOLUTION,AGENT,agent-b,Middle East,ME Support,IN_PROGRESS,RESOLVED,Change implemented and verified.,,,,,,,,"{""source"": ""synthetic""}"
EV-00564,TCK-1064,2026-08-29T08:00:00,STATUS_CHANGE,AGENT,agent-a,India,India Support,OPEN,IN_PROGRESS,Assigned for handling.,,,,,,,,"{""source"": ""synthetic""}"
EV-00565,TCK-1064,2026-08-29T09:00:00,ASSIGNMENT_CHANGE,AGENT,agent-c,India,India Support,,,Assigned to an agent in India Support.,,,,,,,,"{""source"": ""synthetic""}"
EV-00566,TCK-1064,2026-08-29T10:00:00,CUSTOMER_UPDATE,AGENT,agent-b,India,India Support,,,Acknowledgement sent to the customer.,,,,,,,,"{""source"": ""synthetic""}"
EV-00567,TCK-1064,2026-08-29T12:00:00,WORK_NOTE,AGENT,agent-a,India,India Support,,,Technical review completed.,,,,,,,,"{""source"": ""synthetic""}"
EV-00568,TCK-1064,2026-08-29T14:00:00,APPROVAL_REQUESTED,AGENT,agent-a,India,India Support,,,Procurement approval requested for the requested change.,,,,,,Procurement,,"{""source"": ""synthetic""}"
EV-00569,TCK-1064,2026-08-29T14:00:00,DEPENDENCY_CREATED,AGENT,agent-a,India,India Support,,,,approval:Procurement,Procurement approval,Security Review,,,,,"{""source"": ""synthetic""}"
EV-00570,TCK-1064,2026-08-29T14:00:00,PROMISED_DATE_SET,AGENT,agent-a,India,India Support,,,,,,,,,,2026-09-11,"{""source"": ""synthetic""}"
EV-00571,TCK-1064,2026-08-29T16:00:00,WORK_NOTE,AGENT,agent-b,India,India Support,,,Waiting for approval before proceeding.,,,,,,,,"{""source"": ""synthetic""}"
EV-00572,TCK-1064,2026-08-29T18:00:00,CUSTOMER_UPDATE,AGENT,agent-a,India,India Support,,,Progress update sent to the customer.,,,,,,,,"{""source"": ""synthetic""}"
EV-00573,TCK-1065,2026-09-02T07:00:00,STATUS_CHANGE,AGENT,agent-c,Latin America,LATAM Support,OPEN,IN_PROGRESS,Assigned for handling.,,,,,,,,"{""source"": ""synthetic""}"
EV-00574,TCK-1065,2026-09-02T08:00:00,ASSIGNMENT_CHANGE,AGENT,agent-a,Latin America,LATAM Support,,,Assigned to an agent in LATAM Support.,,,,,,,,"{""source"": ""synthetic""}"
EV-00575,TCK-1065,2026-09-02T09:00:00,CUSTOMER_UPDATE,AGENT,agent-b,Latin America,LATAM Support,,,Acknowledgement sent to the customer.,,,,,,,,"{""source"": ""synthetic""}"
EV-00576,TCK-1065,2026-09-02T11:00:00,WORK_NOTE,AGENT,agent-c,Latin America,LATAM Support,,,Technical review completed.,,,,,,,,"{""source"": ""synthetic""}"
EV-00577,TCK-1065,2026-09-02T13:00:00,APPROVAL_REQUESTED,AGENT,agent-b,Latin America,LATAM Support,,,Legal approval requested for the requested change.,,,,,,Legal,,"{""source"": ""synthetic""}"
EV-00578,TCK-1065,2026-09-02T13:00:00,DEPENDENCY_CREATED,AGENT,agent-b,Latin America,LATAM Support,,,,approval:Legal,Legal approval,Security Review,,,,,"{""source"": ""synthetic""}"
EV-00579,TCK-1065,2026-09-02T13:00:00,PROMISED_DATE_SET,AGENT,agent-a,Latin America,LATAM Support,,,,,,,,,,2026-09-12,"{""source"": ""synthetic""}"
EV-00580,TCK-1065,2026-09-02T15:00:00,WORK_NOTE,AGENT,agent-c,Latin America,LATAM Support,,,Waiting for approval before proceeding.,,,,,,,,"{""source"": ""synthetic""}"
EV-00581,TCK-1065,2026-09-02T17:00:00,CUSTOMER_UPDATE,AGENT,agent-c,Latin America,LATAM Support,,,Progress update sent to the customer.,,,,,,,,"{""source"": ""synthetic""}"
EV-00582,TCK-1066,2026-08-25T10:00:00,STATUS_CHANGE,AGENT,agent-c,Europe,EU Support,OPEN,IN_PROGRESS,Assigned for handling.,,,,,,,,"{""source"": ""synthetic""}"
EV-00583,TCK-1066,2026-08-25T11:00:00,ASSIGNMENT_CHANGE,AGENT,agent-a,Europe,EU Support,,,Assigned to an agent in EU Support.,,,,,,,,"{""source"": ""synthetic""}"
EV-00584,TCK-1066,2026-08-25T12:00:00,CUSTOMER_UPDATE,AGENT,agent-b,Europe,EU Support,,,Acknowledgement sent to the customer.,,,,,,,,"{""source"": ""synthetic""}"
EV-00585,TCK-1066,2026-08-25T19:00:00,WORK_NOTE,AGENT,agent-c,Europe,EU Support,,,Saved work: waiting for the customer to confirm affected users.,,,,,,,,"{""source"": ""synthetic""}"
EV-00586,TCK-1066,2026-08-25T21:00:00,PROMISED_DATE_SET,AGENT,agent-c,Europe,EU Support,,,,,,,,,,2026-08-27,"{""source"": ""synthetic""}"
EV-00587,TCK-1066,2026-08-25T23:00:00,WORK_NOTE,AGENT,agent-c,Europe,EU Support,,,Configuration change scheduled for this week.,,,,,,,,"{""source"": ""synthetic""}"
EV-00588,TCK-1066,2026-08-26T19:00:00,CUSTOMER_UPDATE,AGENT,agent-a,Europe,EU Support,,,Progress update sent to the customer.,,,,,,,,"{""source"": ""synthetic""}"
EV-00589,TCK-1066,2026-08-26T21:00:00,RESOLUTION,AGENT,agent-a,Europe,EU Support,IN_PROGRESS,RESOLVED,"Issue resolved, agreed with the customer.",,,,,,,,"{""source"": ""synthetic""}"
EV-00590,TCK-1067,2026-08-30T07:00:00,STATUS_CHANGE,AGENT,agent-a,India,India Support,OPEN,IN_PROGRESS,Assigned for handling.,,,,,,,,"{""source"": ""synthetic""}"
EV-00591,TCK-1067,2026-08-30T08:00:00,ASSIGNMENT_CHANGE,AGENT,agent-c,India,India Support,,,Assigned to an agent in India Support.,,,,,,,,"{""source"": ""synthetic""}"
EV-00592,TCK-1067,2026-08-30T09:00:00,CUSTOMER_UPDATE,AGENT,agent-c,India,India Support,,,Acknowledgement sent to the customer.,,,,,,,,"{""source"": ""synthetic""}"
EV-00593,TCK-1067,2026-08-30T11:00:00,WORK_NOTE,AGENT,agent-a,India,India Support,,,Technical review completed.,,,,,,,,"{""source"": ""synthetic""}"
EV-00594,TCK-1067,2026-08-30T13:00:00,APPROVAL_REQUESTED,AGENT,agent-a,India,India Support,,,Finance approval requested for the requested change.,,,,,,Finance,,"{""source"": ""synthetic""}"
EV-00595,TCK-1067,2026-08-30T13:00:00,DEPENDENCY_CREATED,AGENT,agent-c,India,India Support,,,,approval:Finance,Finance approval,Finance Approval,,,,,"{""source"": ""synthetic""}"
EV-00596,TCK-1067,2026-08-30T13:00:00,PROMISED_DATE_SET,AGENT,agent-c,India,India Support,,,,,,,,,,2026-09-10,"{""source"": ""synthetic""}"
EV-00597,TCK-1067,2026-08-30T15:00:00,WORK_NOTE,AGENT,agent-a,India,India Support,,,Waiting for approval before proceeding.,,,,,,,,"{""source"": ""synthetic""}"
EV-00598,TCK-1067,2026-08-30T17:00:00,CUSTOMER_UPDATE,AGENT,agent-b,India,India Support,,,Progress update sent to the customer.,,,,,,,,"{""source"": ""synthetic""}"
EV-00599,TCK-1068,2026-08-30T12:00:00,STATUS_CHANGE,AGENT,agent-a,Asia Pacific,APAC Support,OPEN,IN_PROGRESS,Assigned for handling.,,,,,,,,"{""source"": ""synthetic""}"
EV-00600,TCK-1068,2026-08-30T13:00:00,ASSIGNMENT_CHANGE,AGENT,agent-a,Asia Pacific,APAC Support,,,Assigned to an agent in APAC Support.,,,,,,,,"{""source"": ""synthetic""}"
EV-00601,TCK-1068,2026-08-30T14:00:00,CUSTOMER_UPDATE,AGENT,agent-c,Asia Pacific,APAC Support,,,Acknowledgement sent to the customer.,,,,,,,,"{""source"": ""synthetic""}"
EV-00602,TCK-1068,2026-08-30T18:00:00,TEAM_TRANSFER,AGENT,agent-c,North America,NA Support,,,Transferred to NA Support (North America).,,,,,,,,"{""source"": ""synthetic""}"
EV-00603,TCK-1068,2026-08-30T20:00:00,WORK_NOTE,AGENT,agent-b,North America,NA Support,,,Collected diagnostic logs from the system.,,,,,,,,"{""source"": ""synthetic""}"
EV-00604,TCK-1068,2026-08-31T14:00:00,TEAM_TRANSFER,AGENT,agent-c,Europe,EU Support,,,Transferred to EU Support (Europe).,,,,,,,,"{""source"": ""synthetic""}"
EV-00605,TCK-1068,2026-08-31T16:00:00,WORK_NOTE,AGENT,agent-b,Europe,EU Support,,,Root cause identified: outdated firmware.,,,,,,,,"{""source"": ""synthetic""}"
EV-00606,TCK-1068,2026-09-01T10:00:00,TEAM_TRANSFER,AGENT,agent-b,India,India Support,,,Transferred to India Support (India).,,,,,,,,"{""source"": ""synthetic""}"
EV-00607,TCK-1068,2026-09-01T12:00:00,WORK_NOTE,AGENT,agent-a,India,India Support,,,Configuration change scheduled for this week.,,,,,,,,"{""source"": ""synthetic""}"
EV-00608,TCK-1068,2026-09-02T10:00:00,PROMISED_DATE_SET,AGENT,agent-c,Asia Pacific,APAC Support,,,,,,,,,,2026-09-09,"{""source"": ""synthetic""}"
EV-00609,TCK-1068,2026-09-02T12:00:00,WORK_NOTE,AGENT,agent-a,Asia Pacific,APAC Support,,,Coordinating handover between the regional teams.,,,,,,,,"{""source"": ""synthetic""}"
EV-00610,TCK-1069,2026-09-03T16:00:00,STATUS_CHANGE,AGENT,agent-a,India,India Support,OPEN,IN_PROGRESS,Assigned for handling.,,,,,,,,"{""source"": ""synthetic""}"
EV-00611,TCK-1069,2026-09-03T17:00:00,ASSIGNMENT_CHANGE,AGENT,agent-a,India,India Support,,,Assigned to an agent in India Support.,,,,,,,,"{""source"": ""synthetic""}"
EV-00612,TCK-1069,2026-09-03T18:00:00,CUSTOMER_UPDATE,AGENT,agent-b,India,India Support,,,Acknowledgement sent to the customer.,,,,,,,,"{""source"": ""synthetic""}"
EV-00613,TCK-1069,2026-09-03T20:00:00,WORK_NOTE,AGENT,agent-a,India,India Support,,,Investigation identified a dependency on engineering.,,,,,,,,"{""source"": ""synthetic""}"
EV-00614,TCK-1069,2026-09-03T22:00:00,DEPENDENCY_CREATED,AGENT,agent-a,India,Engineering Escalation,,,Engineering fix blocked by test environment issue.,eng-TCK-1069,Engineering escalation,Engineering Escalation,,,,,"{""source"": ""synthetic"", ""status"": ""blocked""}"
EV-00615,TCK-1069,2026-09-03T22:00:00,PROMISED_DATE_SET,AGENT,agent-b,India,India Support,,,,,,,,,,2026-09-10,"{""source"": ""synthetic""}"
EV-00616,TCK-1069,2026-09-04T22:00:00,VENDOR_UPDATE,AGENT,agent-b,India,Engineering Escalation,,,Engineering fix currently blocked; no ETA.,,,,PartsUnited Express,,,,"{""source"": ""synthetic""}"
EV-00617,TCK-1069,2026-09-05T08:00:00,WORK_NOTE,AGENT,agent-b,India,India Support,,,Blocked by the engineering dependency; keeping the customer informed.,,,,,,,,"{""source"": ""synthetic""}"
EV-00618,TCK-1070,2026-08-28T13:00:00,STATUS_CHANGE,AGENT,agent-a,North America,NA Support,OPEN,IN_PROGRESS,Assigned for handling.,,,,,,,,"{""source"": ""synthetic""}"
EV-00619,TCK-1070,2026-08-28T14:00:00,ASSIGNMENT_CHANGE,AGENT,agent-b,North America,NA Support,,,Assigned to an agent in NA Support.,,,,,,,,"{""source"": ""synthetic""}"
EV-00620,TCK-1070,2026-08-28T15:00:00,CUSTOMER_UPDATE,AGENT,agent-c,North America,NA Support,,,Acknowledgement sent to the customer.,,,,,,,,"{""source"": ""synthetic""}"
EV-00621,TCK-1070,2026-08-28T17:00:00,WORK_NOTE,AGENT,agent-a,North America,NA Support,,,Initial triage completed; created a resolution plan.,,,,,,,,"{""source"": ""synthetic""}"
EV-00622,TCK-1070,2026-08-28T19:00:00,PROMISED_DATE_SET,AGENT,agent-a,North America,NA Support,,,,,,,,,,2026-09-05,"{""source"": ""synthetic""}"
EV-00623,TCK-1070,2026-08-30T15:00:00,WORK_NOTE,AGENT,agent-b,North America,NA Support,,,Scheduled replacement part installation.,,,,,,,,"{""source"": ""synthetic""}"
EV-00624,TCK-1070,2026-08-30T17:00:00,CUSTOMER_UPDATE,AGENT,agent-a,North America,NA Support,,,Progress update sent to the customer.,,,,,,,,"{""source"": ""synthetic""}"
EV-00625,TCK-1071,2026-08-26T13:00:00,STATUS_CHANGE,AGENT,agent-c,India,India Support,OPEN,IN_PROGRESS,Assigned for handling.,,,,,,,,"{""source"": ""synthetic""}"
EV-00626,TCK-1071,2026-08-26T14:00:00,ASSIGNMENT_CHANGE,AGENT,agent-b,India,India Support,,,Assigned to an agent in India Support.,,,,,,,,"{""source"": ""synthetic""}"
EV-00627,TCK-1071,2026-08-26T15:00:00,CUSTOMER_UPDATE,AGENT,agent-c,India,India Support,,,Acknowledgement sent to the customer.,,,,,,,,"{""source"": ""synthetic""}"
EV-00628,TCK-1071,2026-08-26T19:00:00,TEAM_TRANSFER,AGENT,agent-a,North America,NA Support,,,Transferred to NA Support (North America).,,,,,,,,"{""source"": ""synthetic""}"
EV-00629,TCK-1071,2026-08-26T21:00:00,WORK_NOTE,AGENT,agent-a,North America,NA Support,,,Root cause identified: outdated firmware.,,,,,,,,"{""source"": ""synthetic""}"
EV-00630,TCK-1071,2026-08-27T15:00:00,TEAM_TRANSFER,AGENT,agent-b,Europe,EU Support,,,Transferred to EU Support (Europe).,,,,,,,,"{""source"": ""synthetic""}"
EV-00631,TCK-1071,2026-08-27T17:00:00,WORK_NOTE,AGENT,agent-b,Europe,EU Support,,,Initial triage completed; created a resolution plan.,,,,,,,,"{""source"": ""synthetic""}"
EV-00632,TCK-1071,2026-08-28T11:00:00,TEAM_TRANSFER,AGENT,agent-b,Asia Pacific,APAC Support,,,Transferred to APAC Support (Asia Pacific).,,,,,,,,"{""source"": ""synthetic""}"
EV-00633,TCK-1071,2026-08-28T13:00:00,WORK_NOTE,AGENT,agent-c,Asia Pacific,APAC Support,,,Configuration change scheduled for this week.,,,,,,,,"{""source"": ""synthetic""}"
EV-00634,TCK-1071,2026-08-29T11:00:00,PROMISED_DATE_SET,AGENT,agent-b,India,India Support,,,,,,,,,,2026-09-11,"{""source"": ""synthetic""}"
EV-00635,TCK-1071,2026-08-29T13:00:00,WORK_NOTE,AGENT,agent-a,India,India Support,,,Coordinating handover between the regional teams.,,,,,,,,"{""source"": ""synthetic""}"
EV-00636,TCK-1072,2026-09-03T08:00:00,STATUS_CHANGE,AGENT,agent-a,India,India Support,OPEN,IN_PROGRESS,Assigned for handling.,,,,,,,,"{""source"": ""synthetic""}"
EV-00637,TCK-1072,2026-09-03T09:00:00,ASSIGNMENT_CHANGE,AGENT,agent-a,India,India Support,,,Assigned to an agent in India Support.,,,,,,,,"{""source"": ""synthetic""}"
EV-00638,TCK-1072,2026-09-03T10:00:00,CUSTOMER_UPDATE,AGENT,agent-b,India,India Support,,,Acknowledgement sent to the customer.,,,,,,,,"{""source"": ""synthetic""}"
EV-00639,TCK-1072,2026-09-03T12:00:00,WORK_NOTE,AGENT,agent-c,India,India Support,,,Escalated to the regional product expert for review.,,,,,,,,"{""source"": ""synthetic""}"
EV-00640,TCK-1072,2026-09-03T14:00:00,PROMISED_DATE_SET,AGENT,agent-c,India,India Support,,,,,,,,,,2026-09-06,"{""source"": ""synthetic""}"
EV-00641,TCK-1072,2026-09-03T16:00:00,WORK_NOTE,AGENT,agent-a,India,India Support,,,Configuration change scheduled for this week.,,,,,,,,"{""source"": ""synthetic""}"
EV-00642,TCK-1072,2026-09-04T12:00:00,CUSTOMER_UPDATE,AGENT,agent-c,India,India Support,,,Progress update sent to the customer.,,,,,,,,"{""source"": ""synthetic""}"
EV-00643,TCK-1072,2026-09-04T14:00:00,RESOLUTION,AGENT,agent-b,India,India Support,IN_PROGRESS,RESOLVED,"Issue resolved, agreed with the customer.",,,,,,,,"{""source"": ""synthetic""}"
EV-00644,TCK-1073,2026-08-25T16:00:00,STATUS_CHANGE,AGENT,agent-b,Asia Pacific,APAC Support,OPEN,IN_PROGRESS,Assigned for handling.,,,,,,,,"{""source"": ""synthetic""}"
EV-00645,TCK-1073,2026-08-25T17:00:00,ASSIGNMENT_CHANGE,AGENT,agent-c,Asia Pacific,APAC Support,,,Assigned to an agent in APAC Support.,,,,,,,,"{""source"": ""synthetic""}"
EV-00646,TCK-1073,2026-08-25T18:00:00,CUSTOMER_UPDATE,AGENT,agent-b,Asia Pacific,APAC Support,,,Acknowledgement sent to the customer.,,,,,,,,"{""source"": ""synthetic""}"
EV-00647,TCK-1073,2026-08-27T16:00:00,RESOLUTION,AGENT,agent-b,Asia Pacific,APAC Support,IN_PROGRESS,RESOLVED,"Issue resolved, agreed with the customer.",,,,,,,,"{""source"": ""synthetic""}"
EV-00648,TCK-1073,2026-08-28T14:00:00,REOPENED,AGENT,agent-c,Asia Pacific,APAC Support,,REOPENED,Customer reported the issue again; ticket reopened.,,,,,,,,"{""source"": ""synthetic""}"
EV-00649,TCK-1073,2026-08-28T16:00:00,WORK_NOTE,AGENT,agent-a,Asia Pacific,APAC Support,,,Reopened; new investigation started.,,,,,,,,"{""source"": ""synthetic""}"
EV-00650,TCK-1073,2026-08-28T18:00:00,PROMISED_DATE_SET,AGENT,agent-b,Asia Pacific,APAC Support,,,,,,,,,,2026-09-12,"{""source"": ""synthetic""}"
EV-00651,TCK-1074,2026-08-31T14:00:00,STATUS_CHANGE,AGENT,agent-c,Middle East,ME Support,OPEN,IN_PROGRESS,Assigned for handling.,,,,,,,,"{""source"": ""synthetic""}"
EV-00652,TCK-1074,2026-08-31T15:00:00,ASSIGNMENT_CHANGE,AGENT,agent-c,Middle East,ME Support,,,Assigned to an agent in ME Support.,,,,,,,,"{""source"": ""synthetic""}"
EV-00653,TCK-1074,2026-08-31T16:00:00,CUSTOMER_UPDATE,AGENT,agent-c,Middle East,ME Support,,,Acknowledgement sent to the customer.,,,,,,,,"{""source"": ""synthetic""}"
EV-00654,TCK-1074,2026-08-31T18:00:00,WORK_NOTE,AGENT,agent-b,Middle East,ME Support,,,Technical review completed.,,,,,,,,"{""source"": ""synthetic""}"
EV-00655,TCK-1074,2026-08-31T20:00:00,APPROVAL_REQUESTED,AGENT,agent-b,Middle East,ME Support,,,Finance approval requested for the requested change.,,,,,,Finance,,"{""source"": ""synthetic""}"
EV-00656,TCK-1074,2026-08-31T20:00:00,DEPENDENCY_CREATED,AGENT,agent-c,Middle East,ME Support,,,,approval:Finance,Finance approval,Finance Approval,,,,,"{""source"": ""synthetic""}"
EV-00657,TCK-1074,2026-08-31T20:00:00,PROMISED_DATE_SET,AGENT,agent-c,Middle East,ME Support,,,,,,,,,,2026-09-11,"{""source"": ""synthetic""}"
EV-00658,TCK-1074,2026-08-31T22:00:00,WORK_NOTE,AGENT,agent-c,Middle East,ME Support,,,Waiting for approval before proceeding.,,,,,,,,"{""source"": ""synthetic""}"
EV-00659,TCK-1074,2026-09-01T00:00:00,CUSTOMER_UPDATE,AGENT,agent-a,Middle East,ME Support,,,Progress update sent to the customer.,,,,,,,,"{""source"": ""synthetic""}"
EV-00660,TCK-1075,2026-08-30T14:00:00,STATUS_CHANGE,AGENT,agent-c,Asia Pacific,APAC Support,OPEN,IN_PROGRESS,Assigned for handling.,,,,,,,,"{""source"": ""synthetic""}"
EV-00661,TCK-1075,2026-08-30T15:00:00,ASSIGNMENT_CHANGE,AGENT,agent-a,Asia Pacific,APAC Support,,,Assigned to an agent in APAC Support.,,,,,,,,"{""source"": ""synthetic""}"
EV-00662,TCK-1075,2026-08-30T16:00:00,CUSTOMER_UPDATE,AGENT,agent-c,Asia Pacific,APAC Support,,,Acknowledgement sent to the customer.,,,,,,,,"{""source"": ""synthetic""}"
EV-00663,TCK-1075,2026-08-30T18:00:00,WORK_NOTE,AGENT,agent-c,Asia Pacific,APAC Support,,,Investigation identified a dependency on engineering.,,,,,,,,"{""source"": ""synthetic""}"
EV-00664,TCK-1075,2026-08-30T20:00:00,DEPENDENCY_CREATED,AGENT,agent-a,Asia Pacific,Engineering Escalation,,,Engineering fix blocked by test environment issue.,eng-TCK-1075,Engineering escalation,Engineering Escalation,,,,,"{""source"": ""synthetic"", ""status"": ""blocked""}"
EV-00665,TCK-1075,2026-08-30T20:00:00,PROMISED_DATE_SET,AGENT,agent-a,Asia Pacific,APAC Support,,,,,,,,,,2026-09-12,"{""source"": ""synthetic""}"
EV-00666,TCK-1075,2026-08-31T20:00:00,VENDOR_UPDATE,AGENT,agent-a,Asia Pacific,Engineering Escalation,,,Engineering fix currently blocked; no ETA.,,,,Quanta Electronics,,,,"{""source"": ""synthetic""}"
EV-00667,TCK-1075,2026-09-01T06:00:00,WORK_NOTE,AGENT,agent-c,Asia Pacific,APAC Support,,,Blocked by the engineering dependency; keeping the customer informed.,,,,,,,,"{""source"": ""synthetic""}"
EV-00668,TCK-1076,2026-08-27T16:00:00,STATUS_CHANGE,AGENT,agent-b,Asia Pacific,APAC Support,OPEN,IN_PROGRESS,Assigned for handling.,,,,,,,,"{""source"": ""synthetic""}"
EV-00669,TCK-1076,2026-08-27T17:00:00,ASSIGNMENT_CHANGE,AGENT,agent-c,Asia Pacific,APAC Support,,,Assigned to an agent in APAC Support.,,,,,,,,"{""source"": ""synthetic""}"
EV-00670,TCK-1076,2026-08-27T18:00:00,CUSTOMER_UPDATE,AGENT,agent-c,Asia Pacific,APAC Support,,,Acknowledgement sent to the customer.,,,,,,,,"{""source"": ""synthetic""}"
EV-00671,TCK-1076,2026-08-27T19:00:00,WORK_NOTE,AGENT,agent-c,Asia Pacific,APAC Support,,,Verified the fix in staging; next step is a production change.,,,,,,,,"{""source"": ""synthetic""}"
EV-00672,TCK-1076,2026-08-27T21:00:00,PROMISED_DATE_SET,AGENT,agent-a,Asia Pacific,APAC Support,,,,,,,,,,2026-08-31,"{""source"": ""synthetic""}"
EV-00673,TCK-1076,2026-08-27T23:00:00,WORK_NOTE,AGENT,agent-b,Asia Pacific,APAC Support,,,Configuration change scheduled for this week.,,,,,,,,"{""source"": ""synthetic""}"
EV-00674,TCK-1076,2026-08-28T19:00:00,CUSTOMER_UPDATE,AGENT,agent-c,Asia Pacific,APAC Support,,,Progress update sent to the customer.,,,,,,,,"{""source"": ""synthetic""}"
EV-00675,TCK-1076,2026-08-28T21:00:00,RESOLUTION,AGENT,agent-c,Asia Pacific,APAC Support,IN_PROGRESS,RESOLVED,"Issue resolved, agreed with the customer.",,,,,,,,"{""source"": ""synthetic""}"
EV-00676,TCK-1077,2026-08-31T16:00:00,STATUS_CHANGE,AGENT,agent-b,Asia Pacific,APAC Support,OPEN,IN_PROGRESS,Assigned for handling.,,,,,,,,"{""source"": ""synthetic""}"
EV-00677,TCK-1077,2026-08-31T17:00:00,ASSIGNMENT_CHANGE,AGENT,agent-c,Asia Pacific,APAC Support,,,Assigned to an agent in APAC Support.,,,,,,,,"{""source"": ""synthetic""}"
EV-00678,TCK-1077,2026-08-31T18:00:00,CUSTOMER_UPDATE,AGENT,agent-c,Asia Pacific,APAC Support,,,Acknowledgement sent to the customer.,,,,,,,,"{""source"": ""synthetic""}"
EV-00679,TCK-1077,2026-09-01T00:00:00,WORK_NOTE,AGENT,agent-a,Asia Pacific,APAC Support,,,Root cause identified: outdated firmware.,,,,,,,,"{""source"": ""synthetic""}"
EV-00680,TCK-1077,2026-09-01T02:00:00,PROMISED_DATE_SET,AGENT,agent-b,Asia Pacific,APAC Support,,,,,,,,,,2026-09-02,"{""source"": ""synthetic""}"
EV-00681,TCK-1077,2026-09-01T04:00:00,WORK_NOTE,AGENT,agent-c,Asia Pacific,APAC Support,,,Configuration change scheduled for this week.,,,,,,,,"{""source"": ""synthetic""}"
EV-00682,TCK-1077,2026-09-02T00:00:00,CUSTOMER_UPDATE,AGENT,agent-c,Asia Pacific,APAC Support,,,Progress update sent to the customer.,,,,,,,,"{""source"": ""synthetic""}"
EV-00683,TCK-1077,2026-09-02T02:00:00,RESOLUTION,AGENT,agent-b,Asia Pacific,APAC Support,IN_PROGRESS,RESOLVED,"Issue resolved, agreed with the customer.",,,,,,,,"{""source"": ""synthetic""}"
EV-00684,TCK-1078,2026-08-25T13:00:00,STATUS_CHANGE,AGENT,agent-a,Europe,EU Support,OPEN,IN_PROGRESS,Assigned for handling.,,,,,,,,"{""source"": ""synthetic""}"
EV-00685,TCK-1078,2026-08-25T14:00:00,ASSIGNMENT_CHANGE,AGENT,agent-b,Europe,EU Support,,,Assigned to an agent in EU Support.,,,,,,,,"{""source"": ""synthetic""}"
EV-00686,TCK-1078,2026-08-25T15:00:00,CUSTOMER_UPDATE,AGENT,agent-b,Europe,EU Support,,,Acknowledgement sent to the customer.,,,,,,,,"{""source"": ""synthetic""}"
EV-00687,TCK-1078,2026-08-25T17:00:00,WORK_NOTE,AGENT,agent-a,Europe,EU Support,,,Diagnosis completed; configuration update scheduled.,,,,,,,,"{""source"": ""synthetic""}"
EV-00688,TCK-1078,2026-08-25T19:00:00,DEPENDENCY_CREATED,AGENT,agent-a,Europe,EU Support,,,Configuration change scheduled for this week.,internal:config,Configuration update,EU Support,,,,,"{""source"": ""synthetic""}"
EV-00689,TCK-1078,2026-08-25T19:00:00,PROMISED_DATE_SET,AGENT,agent-a,Europe,EU Support,,,,,,,,,,2026-09-13,"{""source"": ""synthetic""}"
EV-00690,TCK-1078,2026-08-25T21:00:00,CUSTOMER_UPDATE,AGENT,agent-a,Europe,EU Support,,,Progress update sent to the customer.,,,,,,,,"{""source"": ""synthetic""}"
EV-00691,TCK-1079,2026-09-03T15:00:00,STATUS_CHANGE,AGENT,agent-a,North America,NA Support,OPEN,IN_PROGRESS,Assigned for handling.,,,,,,,,"{""source"": ""synthetic""}"
EV-00692,TCK-1079,2026-09-03T16:00:00,ASSIGNMENT_CHANGE,AGENT,agent-a,North America,NA Support,,,Assigned to an agent in NA Support.,,,,,,,,"{""source"": ""synthetic""}"
EV-00693,TCK-1079,2026-09-03T17:00:00,CUSTOMER_UPDATE,AGENT,agent-a,North America,NA Support,,,Acknowledgement sent to the customer.,,,,,,,,"{""source"": ""synthetic""}"
EV-00694,TCK-1079,2026-09-03T21:00:00,TEAM_TRANSFER,AGENT,agent-c,Europe,EU Support,,,Transferred to EU Support (Europe).,,,,,,,,"{""source"": ""synthetic""}"
EV-00695,TCK-1079,2026-09-03T23:00:00,WORK_NOTE,AGENT,agent-a,Europe,EU Support,,,Replicated the issue in the test environment.,,,,,,,,"{""source"": ""synthetic""}"
EV-00696,TCK-1079,2026-09-04T17:00:00,TEAM_TRANSFER,AGENT,agent-b,India,India Support,,,Transferred to India Support (India).,,,,,,,,"{""source"": ""synthetic""}"
EV-00697,TCK-1079,2026-09-04T19:00:00,WORK_NOTE,AGENT,agent-c,India,India Support,,,Verified the fix in staging; next step is a production change.,,,,,,,,"{""source"": ""synthetic""}"
EV-00698,TCK-1079,2026-09-05T13:00:00,TEAM_TRANSFER,AGENT,agent-b,Asia Pacific,APAC Support,,,Transferred to APAC Support (Asia Pacific).,,,,,,,,"{""source"": ""synthetic""}"
EV-00699,TCK-1079,2026-09-05T15:00:00,WORK_NOTE,AGENT,agent-b,Asia Pacific,APAC Support,,,Initial triage completed; created a resolution plan.,,,,,,,,"{""source"": ""synthetic""}"
EV-00700,TCK-1079,2026-09-06T13:00:00,PROMISED_DATE_SET,AGENT,agent-c,North America,NA Support,,,,,,,,,,2026-09-12,"{""source"": ""synthetic""}"
EV-00701,TCK-1079,2026-09-06T15:00:00,WORK_NOTE,AGENT,agent-b,North America,NA Support,,,Coordinating handover between the regional teams.,,,,,,,,"{""source"": ""synthetic""}"
EV-00702,TCK-1080,2026-08-31T10:00:00,STATUS_CHANGE,AGENT,agent-a,Europe,EU Support,OPEN,IN_PROGRESS,Assigned for handling.,,,,,,,,"{""source"": ""synthetic""}"
EV-00703,TCK-1080,2026-08-31T11:00:00,ASSIGNMENT_CHANGE,AGENT,agent-a,Europe,EU Support,,,Assigned to an agent in EU Support.,,,,,,,,"{""source"": ""synthetic""}"
EV-00704,TCK-1080,2026-08-31T12:00:00,CUSTOMER_UPDATE,AGENT,agent-c,Europe,EU Support,,,Acknowledgement sent to the customer.,,,,,,,,"{""source"": ""synthetic""}"
EV-00705,TCK-1080,2026-08-31T14:00:00,WORK_NOTE,AGENT,agent-a,Europe,EU Support,,,Technical diagnosis completed; a replacement is required.,,,,,,,,"{""source"": ""synthetic""}"
EV-00706,TCK-1080,2026-08-31T16:00:00,TEAM_TRANSFER,AGENT,agent-b,Europe,Vendor Operations,,,Transferred to Vendor Operations for Northwind Components follow-up.,,,,,,,,"{""source"": ""synthetic""}"
EV-00707,TCK-1080,2026-08-31T18:00:00,VENDOR_UPDATE,AGENT,agent-b,Europe,Vendor Operations,,,"Delivery rescheduled due to courier delay., delivery is expected after September 8",,,,Northwind Components,firmware update,,,"{""source"": ""synthetic""}"
EV-00708,TCK-1080,2026-08-31T18:00:00,DEPENDENCY_CREATED,AGENT,agent-b,Europe,Vendor Operations,,,,vendor:Northwind Components,Vendor delivery from Northwind Components,Vendor Operations,Northwind Components,firmware update,,,"{""source"": ""synthetic""}"
EV-00709,TCK-1080,2026-08-31T18:00:00,PROMISED_DATE_SET,AGENT,agent-c,Europe,EU Support,,,,,,,,,,2026-09-11,"{""source"": ""synthetic""}"
EV-00710,TCK-1080,2026-08-31T22:00:00,CUSTOMER_UPDATE,AGENT,agent-a,Europe,EU Support,,,Progress update sent to the customer.,,,,,,,,"{""source"": ""synthetic""}"
EV-00711,TCK-1081,2026-08-31T09:00:00,STATUS_CHANGE,AGENT,agent-a,Latin America,LATAM Support,OPEN,IN_PROGRESS,Assigned for handling.,,,,,,,,"{""source"": ""synthetic""}"
EV-00712,TCK-1081,2026-08-31T10:00:00,ASSIGNMENT_CHANGE,AGENT,agent-b,Latin America,LATAM Support,,,Assigned to an agent in LATAM Support.,,,,,,,,"{""source"": ""synthetic""}"
EV-00713,TCK-1081,2026-08-31T11:00:00,CUSTOMER_UPDATE,AGENT,agent-b,Latin America,LATAM Support,,,Acknowledgement sent to the customer.,,,,,,,,"{""source"": ""synthetic""}"
EV-00714,TCK-1081,2026-08-31T13:00:00,WORK_NOTE,AGENT,agent-a,Latin America,LATAM Support,,,Diagnosis completed; configuration update scheduled.,,,,,,,,"{""source"": ""synthetic""}"
EV-00715,TCK-1081,2026-08-31T15:00:00,DEPENDENCY_CREATED,AGENT,agent-b,Latin America,LATAM Support,,,Configuration change scheduled for this week.,internal:config,Configuration update,LATAM Support,,,,,"{""source"": ""synthetic""}"
EV-00716,TCK-1081,2026-08-31T15:00:00,PROMISED_DATE_SET,AGENT,agent-a,Latin America,LATAM Support,,,,,,,,,,2026-09-08,"{""source"": ""synthetic""}"
EV-00717,TCK-1081,2026-08-31T17:00:00,CUSTOMER_UPDATE,AGENT,agent-b,Latin America,LATAM Support,,,Progress update sent to the customer.,,,,,,,,"{""source"": ""synthetic""}"
EV-00718,TCK-1082,2026-09-01T08:00:00,STATUS_CHANGE,AGENT,agent-a,Middle East,ME Support,OPEN,IN_PROGRESS,Assigned for handling.,,,,,,,,"{""source"": ""synthetic""}"
EV-00719,TCK-1082,2026-09-01T09:00:00,ASSIGNMENT_CHANGE,AGENT,agent-a,Middle East,ME Support,,,Assigned to an agent in ME Support.,,,,,,,,"{""source"": ""synthetic""}"
EV-00720,TCK-1082,2026-09-01T10:00:00,CUSTOMER_UPDATE,AGENT,agent-a,Middle East,ME Support,,,Acknowledgement sent to the customer.,,,,,,,,"{""source"": ""synthetic""}"
EV-00721,TCK-1082,2026-09-01T12:00:00,WORK_NOTE,AGENT,agent-b,Middle East,ME Support,,,Technical diagnosis completed; a replacement is required.,,,,,,,,"{""source"": ""synthetic""}"
EV-00722,TCK-1082,2026-09-01T14:00:00,TEAM_TRANSFER,AGENT,agent-b,Middle East,Vendor Operations,,,Transferred to Vendor Operations for Northwind Components follow-up.,,,,,,,,"{""source"": ""synthetic""}"
EV-00723,TCK-1082,2026-09-01T16:00:00,VENDOR_UPDATE,AGENT,agent-a,Middle East,Vendor Operations,,,"Component has shipped; tracking received., delivery is expected after September 10",,,,Northwind Components,replacement component,,,"{""source"": ""synthetic""}"
EV-00724,TCK-1082,2026-09-01T16:00:00,DEPENDENCY_CREATED,AGENT,agent-c,Middle East,Vendor Operations,,,,vendor:Northwind Components,Vendor delivery from Northwind Components,Vendor Operations,Northwind Components,replacement component,,,"{""source"": ""synthetic""}"
EV-00725,TCK-1082,2026-09-01T16:00:00,PROMISED_DATE_SET,AGENT,agent-b,Middle East,ME Support,,,,,,,,,,2026-09-11,"{""source"": ""synthetic""}"
EV-00726,TCK-1082,2026-09-01T20:00:00,CUSTOMER_UPDATE,AGENT,agent-b,Middle East,ME Support,,,Progress update sent to the customer.,,,,,,,,"{""source"": ""synthetic""}"
EV-00727,TCK-1083,2026-09-03T11:00:00,STATUS_CHANGE,AGENT,agent-a,Middle East,ME Support,OPEN,IN_PROGRESS,Assigned for handling.,,,,,,,,"{""source"": ""synthetic""}"
EV-00728,TCK-1083,2026-09-03T12:00:00,ASSIGNMENT_CHANGE,AGENT,agent-b,Middle East,ME Support,,,Assigned to an agent in ME Support.,,,,,,,,"{""source"": ""synthetic""}"
EV-00729,TCK-1083,2026-09-03T13:00:00,CUSTOMER_UPDATE,AGENT,agent-a,Middle East,ME Support,,,Acknowledgement sent to the customer.,,,,,,,,"{""source"": ""synthetic""}"
EV-00730,TCK-1083,2026-09-03T15:00:00,WORK_NOTE,AGENT,agent-b,Middle East,ME Support,,,Investigation identified a dependency on engineering.,,,,,,,,"{""source"": ""synthetic""}"
EV-00731,TCK-1083,2026-09-03T17:00:00,DEPENDENCY_CREATED,AGENT,agent-a,Middle East,Engineering Escalation,,,Engineering fix blocked by test environment issue.,eng-TCK-1083,Engineering escalation,Engineering Escalation,,,,,"{""source"": ""synthetic"", ""status"": ""blocked""}"
EV-00732,TCK-1083,2026-09-03T17:00:00,PROMISED_DATE_SET,AGENT,agent-a,Middle East,ME Support,,,,,,,,,,2026-09-08,"{""source"": ""synthetic""}"
EV-00733,TCK-1083,2026-09-04T17:00:00,VENDOR_UPDATE,AGENT,agent-a,Middle East,Engineering Escalation,,,Engineering fix currently blocked; no ETA.,,,,Oceana Logistics,,,,"{""source"": ""synthetic""}"
EV-00734,TCK-1083,2026-09-05T03:00:00,WORK_NOTE,AGENT,agent-b,Middle East,ME Support,,,Blocked by the engineering dependency; keeping the customer informed.,,,,,,,,"{""source"": ""synthetic""}"
EV-00735,TCK-1084,2026-09-03T14:00:00,STATUS_CHANGE,AGENT,agent-b,Latin America,LATAM Support,OPEN,IN_PROGRESS,Assigned for handling.,,,,,,,,"{""source"": ""synthetic""}"
EV-00736,TCK-1084,2026-09-03T15:00:00,ASSIGNMENT_CHANGE,AGENT,agent-b,Latin America,LATAM Support,,,Assigned to an agent in LATAM Support.,,,,,,,,"{""source"": ""synthetic""}"
EV-00737,TCK-1084,2026-09-03T16:00:00,CUSTOMER_UPDATE,AGENT,agent-a,Latin America,LATAM Support,,,Acknowledgement sent to the customer.,,,,,,,,"{""source"": ""synthetic""}"
EV-00738,TCK-1084,2026-09-05T14:00:00,RESOLUTION,AGENT,agent-c,Latin America,LATAM Support,IN_PROGRESS,RESOLVED,"Issue resolved, agreed with the customer.",,,,,,,,"{""source"": ""synthetic""}"
EV-00739,TCK-1084,2026-09-06T12:00:00,REOPENED,AGENT,agent-b,Latin America,LATAM Support,,REOPENED,Customer reported the issue again; ticket reopened.,,,,,,,,"{""source"": ""synthetic""}"
EV-00740,TCK-1084,2026-09-06T14:00:00,WORK_NOTE,AGENT,agent-a,Latin America,LATAM Support,,,Reopened; new investigation started.,,,,,,,,"{""source"": ""synthetic""}"
EV-00741,TCK-1084,2026-09-06T16:00:00,PROMISED_DATE_SET,AGENT,agent-c,Latin America,LATAM Support,,,,,,,,,,2026-09-08,"{""source"": ""synthetic""}"
EV-00742,TCK-1085,2026-08-25T08:00:00,STATUS_CHANGE,AGENT,agent-b,Asia Pacific,APAC Support,OPEN,IN_PROGRESS,Assigned for handling.,,,,,,,,"{""source"": ""synthetic""}"
EV-00743,TCK-1085,2026-08-25T09:00:00,ASSIGNMENT_CHANGE,AGENT,agent-b,Asia Pacific,APAC Support,,,Assigned to an agent in APAC Support.,,,,,,,,"{""source"": ""synthetic""}"
EV-00744,TCK-1085,2026-08-25T10:00:00,CUSTOMER_UPDATE,AGENT,agent-a,Asia Pacific,APAC Support,,,Acknowledgement sent to the customer.,,,,,,,,"{""source"": ""synthetic""}"
EV-00745,TCK-1085,2026-08-25T16:00:00,WORK_NOTE,AGENT,agent-b,Asia Pacific,APAC Support,,,Root cause identified: outdated firmware.,,,,,,,,"{""source"": ""synthetic""}"
EV-00746,TCK-1085,2026-08-25T18:00:00,PROMISED_DATE_SET,AGENT,agent-c,Asia Pacific,APAC Support,,,,,,,,,,2026-08-29,"{""source"": ""synthetic""}"
EV-00747,TCK-1085,2026-08-25T20:00:00,WORK_NOTE,AGENT,agent-a,Asia Pacific,APAC Support,,,Configuration change scheduled for this week.,,,,,,,,"{""source"": ""synthetic""}"
EV-00748,TCK-1085,2026-08-26T16:00:00,CUSTOMER_UPDATE,AGENT,agent-a,Asia Pacific,APAC Support,,,Progress update sent to the customer.,,,,,,,,"{""source"": ""synthetic""}"
EV-00749,TCK-1085,2026-08-26T18:00:00,RESOLUTION,AGENT,agent-b,Asia Pacific,APAC Support,IN_PROGRESS,RESOLVED,"Issue resolved, agreed with the customer.",,,,,,,,"{""source"": ""synthetic""}"
EV-00750,TCK-1086,2026-08-26T12:00:00,STATUS_CHANGE,AGENT,agent-c,Europe,EU Support,OPEN,IN_PROGRESS,Assigned for handling.,,,,,,,,"{""source"": ""synthetic""}"
EV-00751,TCK-1086,2026-08-26T13:00:00,ASSIGNMENT_CHANGE,AGENT,agent-b,Europe,EU Support,,,Assigned to an agent in EU Support.,,,,,,,,"{""source"": ""synthetic""}"
EV-00752,TCK-1086,2026-08-26T14:00:00,CUSTOMER_UPDATE,AGENT,agent-c,Europe,EU Support,,,Acknowledgement sent to the customer.,,,,,,,,"{""source"": ""synthetic""}"
EV-00753,TCK-1086,2026-08-26T16:00:00,WORK_NOTE,AGENT,agent-b,Europe,EU Support,,,Technical diagnosis completed; a replacement is required.,,,,,,,,"{""source"": ""synthetic""}"
EV-00754,TCK-1086,2026-08-26T18:00:00,TEAM_TRANSFER,AGENT,agent-c,Europe,Vendor Operations,,,Transferred to Vendor Operations for Cerule Systems follow-up.,,,,,,,,"{""source"": ""synthetic""}"
EV-00755,TCK-1086,2026-08-26T20:00:00,VENDOR_UPDATE,AGENT,agent-a,Europe,Vendor Operations,,,"Component has shipped; tracking received., delivery is expected after September 8",,,,Cerule Systems,replacement disk,,,"{""source"": ""synthetic""}"
EV-00756,TCK-1086,2026-08-26T20:00:00,DEPENDENCY_CREATED,AGENT,agent-a,Europe,Vendor Operations,,,,vendor:Cerule Systems,Vendor delivery from Cerule Systems,Vendor Operations,Cerule Systems,replacement disk,,,"{""source"": ""synthetic""}"
EV-00757,TCK-1086,2026-08-26T20:00:00,PROMISED_DATE_SET,AGENT,agent-c,Europe,EU Support,,,,,,,,,,2026-09-13,"{""source"": ""synthetic""}"
EV-00758,TCK-1086,2026-08-29T00:00:00,VENDOR_UPDATE,AGENT,agent-b,Europe,Vendor Operations,,,Component has shipped; tracking received.,,,,Cerule Systems,replacement disk,,,"{""source"": ""synthetic""}"
EV-00759,TCK-1086,2026-08-29T01:00:00,DEPENDENCY_COMPLETED,AGENT,agent-a,Europe,Vendor Operations,,,,vendor:Cerule Systems,,,,,,,"{""source"": ""synthetic""}"
EV-00760,TCK-1086,2026-08-29T03:00:00,CUSTOMER_UPDATE,AGENT,agent-b,Europe,EU Support,,,Progress update sent to the customer.,,,,,,,,"{""source"": ""synthetic""}"
EV-00761,TCK-1086,2026-08-29T04:00:00,RESOLUTION,AGENT,agent-a,Europe,EU Support,IN_PROGRESS,RESOLVED,Replacement installed and verified.,,,,,,,,"{""source"": ""synthetic""}"
EV-00762,TCK-1087,2026-09-04T11:00:00,STATUS_CHANGE,AGENT,agent-c,North America,NA Support,OPEN,IN_PROGRESS,Assigned for handling.,,,,,,,,"{""source"": ""synthetic""}"
EV-00763,TCK-1087,2026-09-04T12:00:00,ASSIGNMENT_CHANGE,AGENT,agent-a,North America,NA Support,,,Assigned to an agent in NA Support.,,,,,,,,"{""source"": ""synthetic""}"
EV-00764,TCK-1087,2026-09-04T13:00:00,CUSTOMER_UPDATE,AGENT,agent-b,North America,NA Support,,,Acknowledgement sent to the customer.,,,,,,,,"{""source"": ""synthetic""}"
EV-00765,TCK-1087,2026-09-04T17:00:00,TEAM_TRANSFER,AGENT,agent-a,Europe,EU Support,,,Transferred to EU Support (Europe).,,,,,,,,"{""source"": ""synthetic""}"
EV-00766,TCK-1087,2026-09-04T19:00:00,WORK_NOTE,AGENT,agent-b,Europe,EU Support,,,Verified the fix in staging; next step is a production change.,,,,,,,,"{""source"": ""synthetic""}"
EV-00767,TCK-1087,2026-09-05T13:00:00,TEAM_TRANSFER,AGENT,agent-a,India,India Support,,,Transferred to India Support (India).,,,,,,,,"{""source"": ""synthetic""}"
EV-00768,TCK-1087,2026-09-05T15:00:00,WORK_NOTE,AGENT,agent-b,India,India Support,,,Performed first-line troubleshooting; the issue persists.,,,,,,,,"{""source"": ""synthetic""}"
EV-00769,TCK-1087,2026-09-06T09:00:00,TEAM_TRANSFER,AGENT,agent-c,Asia Pacific,APAC Support,,,Transferred to APAC Support (Asia Pacific).,,,,,,,,"{""source"": ""synthetic""}"
EV-00770,TCK-1087,2026-09-06T11:00:00,WORK_NOTE,AGENT,agent-b,Asia Pacific,APAC Support,,,Replicated the issue in the test environment.,,,,,,,,"{""source"": ""synthetic""}"
EV-00771,TCK-1087,2026-09-07T09:00:00,PROMISED_DATE_SET,AGENT,agent-b,North America,NA Support,,,,,,,,,,2026-09-10,"{""source"": ""synthetic""}"
EV-00772,TCK-1087,2026-09-07T11:00:00,WORK_NOTE,AGENT,agent-a,North America,NA Support,,,Coordinating handover between the regional teams.,,,,,,,,"{""source"": ""synthetic""}"
EV-00773,TCK-1088,2026-08-30T11:00:00,STATUS_CHANGE,AGENT,agent-c,Asia Pacific,APAC Support,OPEN,IN_PROGRESS,Assigned for handling.,,,,,,,,"{""source"": ""synthetic""}"
EV-00774,TCK-1088,2026-08-30T12:00:00,ASSIGNMENT_CHANGE,AGENT,agent-b,Asia Pacific,APAC Support,,,Assigned to an agent in APAC Support.,,,,,,,,"{""source"": ""synthetic""}"
EV-00775,TCK-1088,2026-08-30T13:00:00,CUSTOMER_UPDATE,AGENT,agent-b,Asia Pacific,APAC Support,,,Acknowledgement sent to the customer.,,,,,,,,"{""source"": ""synthetic""}"
EV-00776,TCK-1088,2026-08-30T15:00:00,WORK_NOTE,AGENT,agent-a,Asia Pacific,APAC Support,,,Initial triage completed; created a resolution plan.,,,,,,,,"{""source"": ""synthetic""}"
EV-00777,TCK-1088,2026-08-30T17:00:00,PROMISED_DATE_SET,AGENT,agent-b,Asia Pacific,APAC Support,,,,,,,,,,2026-09-06,"{""source"": ""synthetic""}"
EV-00778,TCK-1088,2026-09-01T13:00:00,WORK_NOTE,AGENT,agent-c,Asia Pacific,APAC Support,,,Scheduled replacement part installation.,,,,,,,,"{""source"": ""synthetic""}"
EV-00779,TCK-1088,2026-09-01T15:00:00,CUSTOMER_UPDATE,AGENT,agent-b,Asia Pacific,APAC Support,,,Progress update sent to the customer.,,,,,,,,"{""source"": ""synthetic""}"
EV-00780,TCK-1089,2026-08-26T13:00:00,STATUS_CHANGE,AGENT,agent-c,India,India Support,OPEN,IN_PROGRESS,Assigned for handling.,,,,,,,,"{""source"": ""synthetic""}"
EV-00781,TCK-1089,2026-08-26T14:00:00,ASSIGNMENT_CHANGE,AGENT,agent-b,India,India Support,,,Assigned to an agent in India Support.,,,,,,,,"{""source"": ""synthetic""}"
EV-00782,TCK-1089,2026-08-26T15:00:00,CUSTOMER_UPDATE,AGENT,agent-b,India,India Support,,,Acknowledgement sent to the customer.,,,,,,,,"{""source"": ""synthetic""}"
EV-00783,TCK-1089,2026-08-26T17:00:00,WORK_NOTE,AGENT,agent-c,India,India Support,,,Technical diagnosis completed; a replacement is required.,,,,,,,,"{""source"": ""synthetic""}"
EV-00784,TCK-1089,2026-08-26T19:00:00,TEAM_TRANSFER,AGENT,agent-a,India,Vendor Operations,,,Transferred to Vendor Operations for Quanta Electronics follow-up.,,,,,,,,"{""source"": ""synthetic""}"
EV-00785,TCK-1089,2026-08-26T21:00:00,VENDOR_UPDATE,AGENT,agent-c,India,Vendor Operations,,,"Delivery rescheduled due to courier delay., delivery is expected after September 8",,,,Quanta Electronics,replacement component,,,"{""source"": ""synthetic""}"
EV-00786,TCK-1089,2026-08-26T21:00:00,DEPENDENCY_CREATED,AGENT,agent-b,India,Vendor Operations,,,,vendor:Quanta Electronics,Vendor delivery from Quanta Electronics,Vendor Operations,Quanta Electronics,replacement component,,,"{""source"": ""synthetic""}"
EV-00787,TCK-1089,2026-08-26T21:00:00,PROMISED_DATE_SET,AGENT,agent-b,India,India Support,,,,,,,,,,2026-09-13,"{""source"": ""synthetic""}"
EV-00788,TCK-1089,2026-08-29T01:00:00,VENDOR_UPDATE,AGENT,agent-c,India,Vendor Operations,,,Component has shipped; tracking received.,,,,Quanta Electronics,replacement component,,,"{""source"": ""synthetic""}"
EV-00789,TCK-1089,2026-08-29T02:00:00,DEPENDENCY_COMPLETED,AGENT,agent-c,India,Vendor Operations,,,,vendor:Quanta Electronics,,,,,,,"{""source"": ""synthetic""}"
EV-00790,TCK-1089,2026-08-29T04:00:00,CUSTOMER_UPDATE,AGENT,agent-c,India,India Support,,,Progress update sent to the customer.,,,,,,,,"{""source"": ""synthetic""}"
EV-00791,TCK-1089,2026-08-29T05:00:00,RESOLUTION,AGENT,agent-a,India,India Support,IN_PROGRESS,RESOLVED,Replacement installed and verified.,,,,,,,,"{""source"": ""synthetic""}"
EV-00792,TCK-1090,2026-08-26T14:00:00,STATUS_CHANGE,AGENT,agent-b,North America,NA Support,OPEN,IN_PROGRESS,Assigned for handling.,,,,,,,,"{""source"": ""synthetic""}"
EV-00793,TCK-1090,2026-08-26T15:00:00,ASSIGNMENT_CHANGE,AGENT,agent-c,North America,NA Support,,,Assigned to an agent in NA Support.,,,,,,,,"{""source"": ""synthetic""}"
EV-00794,TCK-1090,2026-08-26T16:00:00,CUSTOMER_UPDATE,AGENT,agent-a,North America,NA Support,,,Acknowledgement sent to the customer.,,,,,,,,"{""source"": ""synthetic""}"
EV-00795,TCK-1090,2026-08-26T18:00:00,WORK_NOTE,AGENT,agent-c,North America,NA Support,,,Technical review completed.,,,,,,,,"{""source"": ""synthetic""}"
EV-00796,TCK-1090,2026-08-26T20:00:00,APPROVAL_REQUESTED,AGENT,agent-a,North America,NA Support,,,Procurement approval requested for the requested change.,,,,,,Procurement,,"{""source"": ""synthetic""}"
EV-00797,TCK-1090,2026-08-26T20:00:00,DEPENDENCY_CREATED,AGENT,agent-c,North America,NA Support,,,,approval:Procurement,Procurement approval,Security Review,,,,,"{""source"": ""synthetic""}"
EV-00798,TCK-1090,2026-08-26T20:00:00,PROMISED_DATE_SET,AGENT,agent-b,North America,NA Support,,,,,,,,,,2026-09-13,"{""source"": ""synthetic""}"
EV-00799,TCK-1090,2026-08-28T20:00:00,APPROVAL_COMPLETED,AGENT,agent-b,North America,NA Support,,,Procurement approval completed.,,,,,,Procurement,,"{""source"": ""synthetic""}"
EV-00800,TCK-1090,2026-08-28T22:00:00,DEPENDENCY_COMPLETED,AGENT,agent-b,North America,NA Support,,,,approval:Procurement,,,,,,,"{""source"": ""synthetic""}"
EV-00801,TCK-1090,2026-08-28T23:00:00,CUSTOMER_UPDATE,AGENT,agent-b,North America,NA Support,,,Progress update sent to the customer.,,,,,,,,"{""source"": ""synthetic""}"
EV-00802,TCK-1090,2026-08-29T00:00:00,RESOLUTION,AGENT,agent-a,North America,NA Support,IN_PROGRESS,RESOLVED,Change implemented and verified.,,,,,,,,"{""source"": ""synthetic""}"
EV-00803,TCK-1091,2026-08-27T13:00:00,STATUS_CHANGE,AGENT,agent-b,Middle East,ME Support,OPEN,IN_PROGRESS,Assigned for handling.,,,,,,,,"{""source"": ""synthetic""}"
EV-00804,TCK-1091,2026-08-27T14:00:00,ASSIGNMENT_CHANGE,AGENT,agent-c,Middle East,ME Support,,,Assigned to an agent in ME Support.,,,,,,,,"{""source"": ""synthetic""}"
EV-00805,TCK-1091,2026-08-27T15:00:00,CUSTOMER_UPDATE,AGENT,agent-b,Middle East,ME Support,,,Acknowledgement sent to the customer.,,,,,,,,"{""source"": ""synthetic""}"
EV-00806,TCK-1091,2026-08-27T17:00:00,WORK_NOTE,AGENT,agent-c,Middle East,ME Support,,,Technical review completed.,,,,,,,,"{""source"": ""synthetic""}"
EV-00807,TCK-1091,2026-08-27T19:00:00,APPROVAL_REQUESTED,AGENT,agent-a,Middle East,ME Support,,,Security approval requested for the requested change.,,,,,,Security,,"{""source"": ""synthetic""}"
EV-00808,TCK-1091,2026-08-27T19:00:00,DEPENDENCY_CREATED,AGENT,agent-b,Middle East,ME Support,,,,approval:Security,Security approval,Security Review,,,,,"{""source"": ""synthetic""}"
EV-00809,TCK-1091,2026-08-27T19:00:00,PROMISED_DATE_SET,AGENT,agent-b,Middle East,ME Support,,,,,,,,,,2026-09-10,"{""source"": ""synthetic""}"
EV-00810,TCK-1091,2026-08-29T19:00:00,APPROVAL_COMPLETED,AGENT,agent-c,Middle East,ME Support,,,Security approval completed.,,,,,,Security,,"{""source"": ""synthetic""}"
EV-00811,TCK-1091,2026-08-29T21:00:00,DEPENDENCY_COMPLETED,AGENT,agent-b,Middle East,ME Support,,,,approval:Security,,,,,,,"{""source"": ""synthetic""}"
EV-00812,TCK-1091,2026-08-29T22:00:00,CUSTOMER_UPDATE,AGENT,agent-a,Middle East,ME Support,,,Progress update sent to the customer.,,,,,,,,"{""source"": ""synthetic""}"
EV-00813,TCK-1091,2026-08-29T23:00:00,RESOLUTION,AGENT,agent-c,Middle East,ME Support,IN_PROGRESS,RESOLVED,Change implemented and verified.,,,,,,,,"{""source"": ""synthetic""}"
EV-00814,TCK-1092,2026-09-01T09:00:00,STATUS_CHANGE,AGENT,agent-c,India,India Support,OPEN,IN_PROGRESS,Assigned for handling.,,,,,,,,"{""source"": ""synthetic""}"
EV-00815,TCK-1092,2026-09-01T10:00:00,ASSIGNMENT_CHANGE,AGENT,agent-b,India,India Support,,,Assigned to an agent in India Support.,,,,,,,,"{""source"": ""synthetic""}"
EV-00816,TCK-1092,2026-09-01T11:00:00,CUSTOMER_UPDATE,AGENT,agent-c,India,India Support,,,Acknowledgement sent to the customer.,,,,,,,,"{""source"": ""synthetic""}"
EV-00817,TCK-1092,2026-09-01T13:00:00,WORK_NOTE,AGENT,agent-b,India,India Support,,,Investigation identified a dependency on engineering.,,,,,,,,"{""source"": ""synthetic""}"
EV-00818,TCK-1092,2026-09-01T15:00:00,DEPENDENCY_CREATED,AGENT,agent-c,India,Engineering Escalation,,,Engineering fix blocked by test environment issue.,eng-TCK-1092,Engineering escalation,Engineering Escalation,,,,,"{""source"": ""synthetic"", ""status"": ""blocked""}"
EV-00819,TCK-1092,2026-09-01T15:00:00,PROMISED_DATE_SET,AGENT,agent-a,India,India Support,,,,,,,,,,2026-09-08,"{""source"": ""synthetic""}"
EV-00820,TCK-1092,2026-09-02T15:00:00,VENDOR_UPDATE,AGENT,agent-c,India,Engineering Escalation,,,Engineering fix currently blocked; no ETA.,,,,Oceana Logistics,,,,"{""source"": ""synthetic""}"
EV-00821,TCK-1092,2026-09-03T01:00:00,WORK_NOTE,AGENT,agent-c,India,India Support,,,Blocked by the engineering dependency; keeping the customer informed.,,,,,,,,"{""source"": ""synthetic""}"
EV-00822,TCK-1093,2026-09-02T09:00:00,STATUS_CHANGE,AGENT,agent-b,India,India Support,OPEN,IN_PROGRESS,Assigned for handling.,,,,,,,,"{""source"": ""synthetic""}"
EV-00823,TCK-1093,2026-09-02T10:00:00,ASSIGNMENT_CHANGE,AGENT,agent-a,India,India Support,,,Assigned to an agent in India Support.,,,,,,,,"{""source"": ""synthetic""}"
EV-00824,TCK-1093,2026-09-02T11:00:00,CUSTOMER_UPDATE,AGENT,agent-b,India,India Support,,,Acknowledgement sent to the customer.,,,,,,,,"{""source"": ""synthetic""}"
EV-00825,TCK-1093,2026-09-02T13:00:00,WORK_NOTE,AGENT,agent-c,India,India Support,,,Issue was worked and marked resolved by mistake.,,,,,,,,"{""source"": ""synthetic""}"
EV-00826,TCK-1093,2026-09-02T15:00:00,STATUS_CHANGE,AGENT,agent-c,India,India Support,IN_PROGRESS,RESOLVED,Marked resolved.,,,,,,,,"{""source"": ""synthetic""}"
EV-00827,TCK-1093,2026-09-03T15:00:00,STATUS_CHANGE,AGENT,agent-b,India,India Support,RESOLVED,IN_PROGRESS,Work resumed after review; ticket reopened in the source system.,,,,,,,,"{""source"": ""synthetic""}"
EV-00828,TCK-1093,2026-09-03T17:00:00,PROMISED_DATE_SET,AGENT,agent-b,India,India Support,,,,,,,,,,2026-09-13,"{""source"": ""synthetic""}"
EV-00829,TCK-1093,2026-09-03T19:00:00,CUSTOMER_UPDATE,AGENT,agent-c,India,India Support,,,Progress update sent to the customer.,,,,,,,,"{""source"": ""synthetic""}"
EV-00830,TCK-1094,2026-09-03T13:00:00,STATUS_CHANGE,AGENT,agent-a,Europe,EU Support,OPEN,IN_PROGRESS,Assigned for handling.,,,,,,,,"{""source"": ""synthetic""}"
EV-00831,TCK-1094,2026-09-03T14:00:00,ASSIGNMENT_CHANGE,AGENT,agent-b,Europe,EU Support,,,Assigned to an agent in EU Support.,,,,,,,,"{""source"": ""synthetic""}"
EV-00832,TCK-1094,2026-09-03T15:00:00,CUSTOMER_UPDATE,AGENT,agent-c,Europe,EU Support,,,Acknowledgement sent to the customer.,,,,,,,,"{""source"": ""synthetic""}"
EV-00833,TCK-1094,2026-09-03T16:00:00,WORK_NOTE,AGENT,agent-b,Europe,EU Support,,,Replicated the issue in the test environment.,,,,,,,,"{""source"": ""synthetic""}"
EV-00834,TCK-1094,2026-09-03T18:00:00,PROMISED_DATE_SET,AGENT,agent-a,Europe,EU Support,,,,,,,,,,2026-09-07,"{""source"": ""synthetic""}"
EV-00835,TCK-1094,2026-09-03T20:00:00,WORK_NOTE,AGENT,agent-c,Europe,EU Support,,,Configuration change scheduled for this week.,,,,,,,,"{""source"": ""synthetic""}"
EV-00836,TCK-1094,2026-09-04T16:00:00,CUSTOMER_UPDATE,AGENT,agent-a,Europe,EU Support,,,Progress update sent to the customer.,,,,,,,,"{""source"": ""synthetic""}"
EV-00837,TCK-1094,2026-09-04T18:00:00,RESOLUTION,AGENT,agent-b,Europe,EU Support,IN_PROGRESS,RESOLVED,"Issue resolved, agreed with the customer.",,,,,,,,"{""source"": ""synthetic""}"
EV-00838,TCK-1095,2026-09-03T09:00:00,STATUS_CHANGE,AGENT,agent-c,Middle East,ME Support,OPEN,IN_PROGRESS,Assigned for handling.,,,,,,,,"{""source"": ""synthetic""}"
EV-00839,TCK-1095,2026-09-03T10:00:00,ASSIGNMENT_CHANGE,AGENT,agent-b,Middle East,ME Support,,,Assigned to an agent in ME Support.,,,,,,,,"{""source"": ""synthetic""}"
EV-00840,TCK-1095,2026-09-03T11:00:00,CUSTOMER_UPDATE,AGENT,agent-a,Middle East,ME Support,,,Acknowledgement sent to the customer.,,,,,,,,"{""source"": ""synthetic""}"
EV-00841,TCK-1095,2026-09-03T13:00:00,WORK_NOTE,AGENT,agent-b,Middle East,ME Support,,,Technical diagnosis completed; a replacement is required.,,,,,,,,"{""source"": ""synthetic""}"
EV-00842,TCK-1095,2026-09-03T15:00:00,TEAM_TRANSFER,AGENT,agent-a,Middle East,Vendor Operations,,,Transferred to Vendor Operations for Northwind Components follow-up.,,,,,,,,"{""source"": ""synthetic""}"
EV-00843,TCK-1095,2026-09-03T17:00:00,VENDOR_UPDATE,AGENT,agent-b,Middle East,Vendor Operations,,,"Vendor reported a manufacturing delay of one week., delivery is expected after September 10",,,,Northwind Components,network switch,,,"{""source"": ""synthetic""}"
EV-00844,TCK-1095,2026-09-03T17:00:00,DEPENDENCY_CREATED,AGENT,agent-a,Middle East,Vendor Operations,,,,vendor:Northwind Components,Vendor delivery from Northwind Components,Vendor Operations,Northwind Components,network switch,,,"{""source"": ""synthetic""}"
EV-00845,TCK-1095,2026-09-03T17:00:00,PROMISED_DATE_SET,AGENT,agent-c,Middle East,ME Support,,,,,,,,,,2026-09-12,"{""source"": ""synthetic""}"
EV-00846,TCK-1095,2026-09-03T21:00:00,CUSTOMER_UPDATE,AGENT,agent-b,Middle East,ME Support,,,Progress update sent to the customer.,,,,,,,,"{""source"": ""synthetic""}"
EV-00847,TCK-1096,2026-08-27T09:00:00,STATUS_CHANGE,AGENT,agent-c,Middle East,ME Support,OPEN,IN_PROGRESS,Assigned for handling.,,,,,,,,"{""source"": ""synthetic""}"
EV-00848,TCK-1096,2026-08-27T10:00:00,ASSIGNMENT_CHANGE,AGENT,agent-a,Middle East,ME Support,,,Assigned to an agent in ME Support.,,,,,,,,"{""source"": ""synthetic""}"
EV-00849,TCK-1096,2026-08-27T11:00:00,CUSTOMER_UPDATE,AGENT,agent-a,Middle East,ME Support,,,Acknowledgement sent to the customer.,,,,,,,,"{""source"": ""synthetic""}"
EV-00850,TCK-1096,2026-08-27T13:00:00,WORK_NOTE,AGENT,agent-a,Middle East,ME Support,,,Initial triage completed; created a resolution plan.,,,,,,,,"{""source"": ""synthetic""}"
EV-00851,TCK-1096,2026-08-27T15:00:00,PROMISED_DATE_SET,AGENT,agent-c,Middle East,ME Support,,,,,,,,,,2026-09-06,"{""source"": ""synthetic""}"
EV-00852,TCK-1096,2026-08-29T11:00:00,WORK_NOTE,AGENT,agent-c,Middle East,ME Support,,,Scheduled replacement part installation.,,,,,,,,"{""source"": ""synthetic""}"
EV-00853,TCK-1096,2026-08-29T13:00:00,CUSTOMER_UPDATE,AGENT,agent-b,Middle East,ME Support,,,Progress update sent to the customer.,,,,,,,,"{""source"": ""synthetic""}"
EV-00854,TCK-1097,2026-08-26T16:00:00,STATUS_CHANGE,AGENT,agent-c,Latin America,LATAM Support,OPEN,IN_PROGRESS,Assigned for handling.,,,,,,,,"{""source"": ""synthetic""}"
EV-00855,TCK-1097,2026-08-26T17:00:00,ASSIGNMENT_CHANGE,AGENT,agent-b,Latin America,LATAM Support,,,Assigned to an agent in LATAM Support.,,,,,,,,"{""source"": ""synthetic""}"
EV-00856,TCK-1097,2026-08-26T18:00:00,CUSTOMER_UPDATE,AGENT,agent-b,Latin America,LATAM Support,,,Acknowledgement sent to the customer.,,,,,,,,"{""source"": ""synthetic""}"
EV-00857,TCK-1097,2026-08-26T20:00:00,WORK_NOTE,AGENT,agent-b,Latin America,LATAM Support,,,Verified the fix in staging; next step is a production change.,,,,,,,,"{""source"": ""synthetic""}"
EV-00858,TCK-1097,2026-08-26T22:00:00,PROMISED_DATE_SET,AGENT,agent-b,Latin America,LATAM Support,,,,,,,,,,2026-08-30,"{""source"": ""synthetic""}"
EV-00859,TCK-1097,2026-08-27T00:00:00,WORK_NOTE,AGENT,agent-a,Latin America,LATAM Support,,,Configuration change scheduled for this week.,,,,,,,,"{""source"": ""synthetic""}"
EV-00860,TCK-1097,2026-08-27T20:00:00,CUSTOMER_UPDATE,AGENT,agent-a,Latin America,LATAM Support,,,Progress update sent to the customer.,,,,,,,,"{""source"": ""synthetic""}"
EV-00861,TCK-1097,2026-08-27T22:00:00,RESOLUTION,AGENT,agent-b,Latin America,LATAM Support,IN_PROGRESS,RESOLVED,"Issue resolved, agreed with the customer.",,,,,,,,"{""source"": ""synthetic""}"
EV-00862,TCK-1098,2026-08-28T12:00:00,STATUS_CHANGE,AGENT,agent-b,Asia Pacific,APAC Support,OPEN,IN_PROGRESS,Assigned for handling.,,,,,,,,"{""source"": ""synthetic""}"
EV-00863,TCK-1098,2026-08-28T13:00:00,ASSIGNMENT_CHANGE,AGENT,agent-a,Asia Pacific,APAC Support,,,Assigned to an agent in APAC Support.,,,,,,,,"{""source"": ""synthetic""}"
EV-00864,TCK-1098,2026-08-28T14:00:00,CUSTOMER_UPDATE,AGENT,agent-b,Asia Pacific,APAC Support,,,Acknowledgement sent to the customer.,,,,,,,,"{""source"": ""synthetic""}"
EV-00865,TCK-1098,2026-08-28T16:00:00,WORK_NOTE,AGENT,agent-c,Asia Pacific,APAC Support,,,Technical diagnosis completed; a replacement is required.,,,,,,,,"{""source"": ""synthetic""}"
EV-00866,TCK-1098,2026-08-28T18:00:00,TEAM_TRANSFER,AGENT,agent-c,Asia Pacific,Vendor Operations,,,Transferred to Vendor Operations for Oceana Logistics follow-up.,,,,,,,,"{""source"": ""synthetic""}"
EV-00867,TCK-1098,2026-08-28T20:00:00,VENDOR_UPDATE,AGENT,agent-a,Asia Pacific,Vendor Operations,,,"Part dispatched; estimated arrival next week., delivery is expected after September 8",,,,Oceana Logistics,replacement disk,,,"{""source"": ""synthetic""}"
EV-00868,TCK-1098,2026-08-28T20:00:00,DEPENDENCY_CREATED,AGENT,agent-b,Asia Pacific,Vendor Operations,,,,vendor:Oceana Logistics,Vendor delivery from Oceana Logistics,Vendor Operations,Oceana Logistics,replacement disk,,,"{""source"": ""synthetic""}"
EV-00869,TCK-1098,2026-08-28T20:00:00,PROMISED_DATE_SET,AGENT,agent-a,Asia Pacific,APAC Support,,,,,,,,,,2026-09-09,"{""source"": ""synthetic""}"
EV-00870,TCK-1098,2026-08-31T00:00:00,VENDOR_UPDATE,AGENT,agent-b,Asia Pacific,Vendor Operations,,,Component has shipped; tracking received.,,,,Oceana Logistics,replacement disk,,,"{""source"": ""synthetic""}"
EV-00871,TCK-1098,2026-08-31T01:00:00,DEPENDENCY_COMPLETED,AGENT,agent-b,Asia Pacific,Vendor Operations,,,,vendor:Oceana Logistics,,,,,,,"{""source"": ""synthetic""}"
EV-00872,TCK-1098,2026-08-31T03:00:00,CUSTOMER_UPDATE,AGENT,agent-a,Asia Pacific,APAC Support,,,Progress update sent to the customer.,,,,,,,,"{""source"": ""synthetic""}"
EV-00873,TCK-1098,2026-08-31T04:00:00,RESOLUTION,AGENT,agent-a,Asia Pacific,APAC Support,IN_PROGRESS,RESOLVED,Replacement installed and verified.,,,,,,,,"{""source"": ""synthetic""}"
EV-00874,TCK-1099,2026-08-31T16:00:00,STATUS_CHANGE,AGENT,agent-a,North America,NA Support,OPEN,IN_PROGRESS,Assigned for handling.,,,,,,,,"{""source"": ""synthetic""}"
EV-00875,TCK-1099,2026-08-31T17:00:00,ASSIGNMENT_CHANGE,AGENT,agent-a,North America,NA Support,,,Assigned to an agent in NA Support.,,,,,,,,"{""source"": ""synthetic""}"
EV-00876,TCK-1099,2026-08-31T18:00:00,CUSTOMER_UPDATE,AGENT,agent-b,North America,NA Support,,,Acknowledgement sent to the customer.,,,,,,,,"{""source"": ""synthetic""}"
EV-00877,TCK-1099,2026-08-31T20:00:00,WORK_NOTE,AGENT,agent-c,North America,NA Support,,,Investigation identified a dependency on engineering.,,,,,,,,"{""source"": ""synthetic""}"
EV-00878,TCK-1099,2026-08-31T22:00:00,DEPENDENCY_CREATED,AGENT,agent-b,North America,Engineering Escalation,,,Engineering fix blocked by test environment issue.,eng-TCK-1099,Engineering escalation,Engineering Escalation,,,,,"{""source"": ""synthetic"", ""status"": ""blocked""}"
EV-00879,TCK-1099,2026-08-31T22:00:00,PROMISED_DATE_SET,AGENT,agent-b,North America,NA Support,,,,,,,,,,2026-09-11,"{""source"": ""synthetic""}"
EV-00880,TCK-1099,2026-09-01T22:00:00,VENDOR_UPDATE,AGENT,agent-b,North America,Engineering Escalation,,,Engineering fix currently blocked; no ETA.,,,,Northwind Components,,,,"{""source"": ""synthetic""}"
EV-00881,TCK-1099,2026-09-02T08:00:00,WORK_NOTE,AGENT,agent-b,North America,NA Support,,,Blocked by the engineering dependency; keeping the customer informed.,,,,,,,,"{""source"": ""synthetic""}"
EV-00882,TCK-1100,2026-08-29T14:00:00,STATUS_CHANGE,AGENT,agent-b,North America,NA Support,OPEN,IN_PROGRESS,Assigned for handling.,,,,,,,,"{""source"": ""synthetic""}"
EV-00883,TCK-1100,2026-08-29T15:00:00,ASSIGNMENT_CHANGE,AGENT,agent-b,North America,NA Support,,,Assigned to an agent in NA Support.,,,,,,,,"{""source"": ""synthetic""}"
EV-00884,TCK-1100,2026-08-29T16:00:00,CUSTOMER_UPDATE,AGENT,agent-c,North America,NA Support,,,Acknowledgement sent to the customer.,,,,,,,,"{""source"": ""synthetic""}"
EV-00885,TCK-1100,2026-08-31T14:00:00,RESOLUTION,AGENT,agent-c,North America,NA Support,IN_PROGRESS,RESOLVED,"Issue resolved, agreed with the customer.",,,,,,,,"{""source"": ""synthetic""}"
EV-00886,TCK-1100,2026-09-01T12:00:00,REOPENED,AGENT,agent-c,North America,NA Support,,REOPENED,Customer reported the issue again; ticket reopened.,,,,,,,,"{""source"": ""synthetic""}"
EV-00887,TCK-1100,2026-09-01T14:00:00,WORK_NOTE,AGENT,agent-b,North America,NA Support,,,Reopened; new investigation started.,,,,,,,,"{""source"": ""synthetic""}"
EV-00888,TCK-1100,2026-09-01T16:00:00,PROMISED_DATE_SET,AGENT,agent-b,North America,NA Support,,,,,,,,,,2026-09-12,"{""source"": ""synthetic""}"
EV-00889,TCK-1101,2026-09-03T09:00:00,STATUS_CHANGE,AGENT,agent-a,Middle East,ME Support,OPEN,IN_PROGRESS,Assigned for handling.,,,,,,,,"{""source"": ""synthetic""}"
EV-00890,TCK-1101,2026-09-03T10:00:00,ASSIGNMENT_CHANGE,AGENT,agent-c,Middle East,ME Support,,,Assigned to an agent in ME Support.,,,,,,,,"{""source"": ""synthetic""}"
EV-00891,TCK-1101,2026-09-03T11:00:00,CUSTOMER_UPDATE,AGENT,agent-c,Middle East,ME Support,,,Acknowledgement sent to the customer.,,,,,,,,"{""source"": ""synthetic""}"
EV-00892,TCK-1101,2026-09-03T13:00:00,WORK_NOTE,AGENT,agent-c,Middle East,ME Support,,,Performed first-line troubleshooting; the issue persists.,,,,,,,,"{""source"": ""synthetic""}"
EV-00893,TCK-1101,2026-09-03T15:00:00,PROMISED_DATE_SET,AGENT,agent-a,Middle East,ME Support,,,,,,,,,,2026-09-07,"{""source"": ""synthetic""}"
EV-00894,TCK-1101,2026-09-03T17:00:00,WORK_NOTE,AGENT,agent-b,Middle East,ME Support,,,Configuration change scheduled for this week.,,,,,,,,"{""source"": ""synthetic""}"
EV-00895,TCK-1101,2026-09-04T13:00:00,CUSTOMER_UPDATE,AGENT,agent-c,Middle East,ME Support,,,Progress update sent to the customer.,,,,,,,,"{""source"": ""synthetic""}"
EV-00896,TCK-1101,2026-09-04T15:00:00,RESOLUTION,AGENT,agent-b,Middle East,ME Support,IN_PROGRESS,RESOLVED,"Issue resolved, agreed with the customer.",,,,,,,,"{""source"": ""synthetic""}"
EV-00897,TCK-1102,2026-09-02T13:00:00,STATUS_CHANGE,AGENT,agent-c,Middle East,ME Support,OPEN,IN_PROGRESS,Assigned for handling.,,,,,,,,"{""source"": ""synthetic""}"
EV-00898,TCK-1102,2026-09-02T14:00:00,ASSIGNMENT_CHANGE,AGENT,agent-c,Middle East,ME Support,,,Assigned to an agent in ME Support.,,,,,,,,"{""source"": ""synthetic""}"
EV-00899,TCK-1102,2026-09-02T15:00:00,CUSTOMER_UPDATE,AGENT,agent-b,Middle East,ME Support,,,Acknowledgement sent to the customer.,,,,,,,,"{""source"": ""synthetic""}"
EV-00900,TCK-1102,2026-09-02T17:00:00,WORK_NOTE,AGENT,agent-c,Middle East,ME Support,,,Diagnosis completed; configuration update scheduled.,,,,,,,,"{""source"": ""synthetic""}"
EV-00901,TCK-1102,2026-09-02T19:00:00,DEPENDENCY_CREATED,AGENT,agent-a,Middle East,ME Support,,,Configuration change scheduled for this week.,internal:config,Configuration update,ME Support,,,,,"{""source"": ""synthetic""}"
EV-00902,TCK-1102,2026-09-02T19:00:00,PROMISED_DATE_SET,AGENT,agent-a,Middle East,ME Support,,,,,,,,,,2026-09-08,"{""source"": ""synthetic""}"
EV-00903,TCK-1102,2026-09-02T21:00:00,CUSTOMER_UPDATE,AGENT,agent-a,Middle East,ME Support,,,Progress update sent to the customer.,,,,,,,,"{""source"": ""synthetic""}"
EV-00904,TCK-1103,2026-08-28T14:00:00,STATUS_CHANGE,AGENT,agent-b,Europe,EU Support,OPEN,IN_PROGRESS,Assigned for handling.,,,,,,,,"{""source"": ""synthetic""}"
EV-00905,TCK-1103,2026-08-28T15:00:00,ASSIGNMENT_CHANGE,AGENT,agent-c,Europe,EU Support,,,Assigned to an agent in EU Support.,,,,,,,,"{""source"": ""synthetic""}"
EV-00906,TCK-1103,2026-08-28T16:00:00,CUSTOMER_UPDATE,AGENT,agent-c,Europe,EU Support,,,Acknowledgement sent to the customer.,,,,,,,,"{""source"": ""synthetic""}"
EV-00907,TCK-1103,2026-08-28T23:00:00,WORK_NOTE,AGENT,agent-c,Europe,EU Support,,,Configuration change scheduled for this week.,,,,,,,,"{""source"": ""synthetic""}"
EV-00908,TCK-1103,2026-08-29T01:00:00,PROMISED_DATE_SET,AGENT,agent-c,Europe,EU Support,,,,,,,,,,2026-09-01,"{""source"": ""synthetic""}"
EV-00909,TCK-1103,2026-08-29T03:00:00,WORK_NOTE,AGENT,agent-c,Europe,EU Support,,,Configuration change scheduled for this week.,,,,,,,,"{""source"": ""synthetic""}"
EV-00910,TCK-1103,2026-08-29T23:00:00,CUSTOMER_UPDATE,AGENT,agent-c,Europe,EU Support,,,Progress update sent to the customer.,,,,,,,,"{""source"": ""synthetic""}"
EV-00911,TCK-1103,2026-08-30T01:00:00,RESOLUTION,AGENT,agent-c,Europe,EU Support,IN_PROGRESS,RESOLVED,"Issue resolved, agreed with the customer.",,,,,,,,"{""source"": ""synthetic""}"
EV-00912,TCK-1104,2026-09-04T12:00:00,STATUS_CHANGE,AGENT,agent-c,India,India Support,OPEN,IN_PROGRESS,Assigned for handling.,,,,,,,,"{""source"": ""synthetic""}"
EV-00913,TCK-1104,2026-09-04T13:00:00,ASSIGNMENT_CHANGE,AGENT,agent-b,India,India Support,,,Assigned to an agent in India Support.,,,,,,,,"{""source"": ""synthetic""}"
EV-00914,TCK-1104,2026-09-04T14:00:00,CUSTOMER_UPDATE,AGENT,agent-b,India,India Support,,,Acknowledgement sent to the customer.,,,,,,,,"{""source"": ""synthetic""}"
EV-00915,TCK-1104,2026-09-04T16:00:00,WORK_NOTE,AGENT,agent-c,India,India Support,,,Technical review completed.,,,,,,,,"{""source"": ""synthetic""}"
EV-00916,TCK-1104,2026-09-04T18:00:00,APPROVAL_REQUESTED,AGENT,agent-c,India,India Support,,,Finance approval requested for the requested change.,,,,,,Finance,,"{""source"": ""synthetic""}"
EV-00917,TCK-1104,2026-09-04T18:00:00,DEPENDENCY_CREATED,AGENT,agent-c,India,India Support,,,,approval:Finance,Finance approval,Finance Approval,,,,,"{""source"": ""synthetic""}"
EV-00918,TCK-1104,2026-09-04T18:00:00,PROMISED_DATE_SET,AGENT,agent-a,India,India Support,,,,,,,,,,2026-09-10,"{""source"": ""synthetic""}"
EV-00919,TCK-1104,2026-09-06T18:00:00,APPROVAL_COMPLETED,AGENT,agent-c,India,India Support,,,Finance approval completed.,,,,,,Finance,,"{""source"": ""synthetic""}"
EV-00920,TCK-1104,2026-09-06T20:00:00,DEPENDENCY_COMPLETED,AGENT,agent-a,India,India Support,,,,approval:Finance,,,,,,,"{""source"": ""synthetic""}"
EV-00921,TCK-1104,2026-09-06T21:00:00,CUSTOMER_UPDATE,AGENT,agent-c,India,India Support,,,Progress update sent to the customer.,,,,,,,,"{""source"": ""synthetic""}"
EV-00922,TCK-1104,2026-09-06T22:00:00,RESOLUTION,AGENT,agent-b,India,India Support,IN_PROGRESS,RESOLVED,Change implemented and verified.,,,,,,,,"{""source"": ""synthetic""}"
EV-00923,TCK-1105,2026-09-02T10:00:00,STATUS_CHANGE,AGENT,agent-b,Europe,EU Support,OPEN,IN_PROGRESS,Assigned for handling.,,,,,,,,"{""source"": ""synthetic""}"
EV-00924,TCK-1105,2026-09-02T11:00:00,ASSIGNMENT_CHANGE,AGENT,agent-a,Europe,EU Support,,,Assigned to an agent in EU Support.,,,,,,,,"{""source"": ""synthetic""}"
EV-00925,TCK-1105,2026-09-02T12:00:00,CUSTOMER_UPDATE,AGENT,agent-b,Europe,EU Support,,,Acknowledgement sent to the customer.,,,,,,,,"{""source"": ""synthetic""}"
EV-00926,TCK-1105,2026-09-02T14:00:00,WORK_NOTE,AGENT,agent-c,Europe,EU Support,,,Technical review completed.,,,,,,,,"{""source"": ""synthetic""}"
EV-00927,TCK-1105,2026-09-02T16:00:00,APPROVAL_REQUESTED,AGENT,agent-a,Europe,EU Support,,,Procurement approval requested for the requested change.,,,,,,Procurement,,"{""source"": ""synthetic""}"
EV-00928,TCK-1105,2026-09-02T16:00:00,DEPENDENCY_CREATED,AGENT,agent-b,Europe,EU Support,,,,approval:Procurement,Procurement approval,Security Review,,,,,"{""source"": ""synthetic""}"
EV-00929,TCK-1105,2026-09-02T16:00:00,PROMISED_DATE_SET,AGENT,agent-c,Europe,EU Support,,,,,,,,,,2026-09-13,"{""source"": ""synthetic""}"
EV-00930,TCK-1105,2026-09-04T16:00:00,APPROVAL_COMPLETED,AGENT,agent-c,Europe,EU Support,,,Procurement approval completed.,,,,,,Procurement,,"{""source"": ""synthetic""}"
EV-00931,TCK-1105,2026-09-04T18:00:00,DEPENDENCY_COMPLETED,AGENT,agent-b,Europe,EU Support,,,,approval:Procurement,,,,,,,"{""source"": ""synthetic""}"
EV-00932,TCK-1105,2026-09-04T19:00:00,CUSTOMER_UPDATE,AGENT,agent-c,Europe,EU Support,,,Progress update sent to the customer.,,,,,,,,"{""source"": ""synthetic""}"
EV-00933,TCK-1105,2026-09-04T20:00:00,RESOLUTION,AGENT,agent-c,Europe,EU Support,IN_PROGRESS,RESOLVED,Change implemented and verified.,,,,,,,,"{""source"": ""synthetic""}"
EV-00934,TCK-1106,2026-08-27T15:00:00,STATUS_CHANGE,AGENT,agent-b,North America,NA Support,OPEN,IN_PROGRESS,Assigned for handling.,,,,,,,,"{""source"": ""synthetic""}"
EV-00935,TCK-1106,2026-08-27T16:00:00,ASSIGNMENT_CHANGE,AGENT,agent-c,North America,NA Support,,,Assigned to an agent in NA Support.,,,,,,,,"{""source"": ""synthetic""}"
EV-00936,TCK-1106,2026-08-27T17:00:00,CUSTOMER_UPDATE,AGENT,agent-b,North America,NA Support,,,Acknowledgement sent to the customer.,,,,,,,,"{""source"": ""synthetic""}"
EV-00937,TCK-1106,2026-08-27T19:00:00,WORK_NOTE,AGENT,agent-c,North America,NA Support,,,Technical review completed.,,,,,,,,"{""source"": ""synthetic""}"
EV-00938,TCK-1106,2026-08-27T21:00:00,APPROVAL_REQUESTED,AGENT,agent-b,North America,NA Support,,,Security approval requested for the requested change.,,,,,,Security,,"{""source"": ""synthetic""}"
EV-00939,TCK-1106,2026-08-27T21:00:00,DEPENDENCY_CREATED,AGENT,agent-c,North America,NA Support,,,,approval:Security,Security approval,Security Review,,,,,"{""source"": ""synthetic""}"
EV-00940,TCK-1106,2026-08-27T21:00:00,PROMISED_DATE_SET,AGENT,agent-c,North America,NA Support,,,,,,,,,,2026-09-09,"{""source"": ""synthetic""}"
EV-00941,TCK-1106,2026-08-29T21:00:00,APPROVAL_COMPLETED,AGENT,agent-c,North America,NA Support,,,Security approval completed.,,,,,,Security,,"{""source"": ""synthetic""}"
EV-00942,TCK-1106,2026-08-29T23:00:00,DEPENDENCY_COMPLETED,AGENT,agent-c,North America,NA Support,,,,approval:Security,,,,,,,"{""source"": ""synthetic""}"
EV-00943,TCK-1106,2026-08-30T00:00:00,CUSTOMER_UPDATE,AGENT,agent-c,North America,NA Support,,,Progress update sent to the customer.,,,,,,,,"{""source"": ""synthetic""}"
EV-00944,TCK-1106,2026-08-30T01:00:00,RESOLUTION,AGENT,agent-b,North America,NA Support,IN_PROGRESS,RESOLVED,Change implemented and verified.,,,,,,,,"{""source"": ""synthetic""}"
EV-00945,TCK-1107,2026-09-01T11:00:00,STATUS_CHANGE,AGENT,agent-c,Middle East,ME Support,OPEN,IN_PROGRESS,Assigned for handling.,,,,,,,,"{""source"": ""synthetic""}"
EV-00946,TCK-1107,2026-09-01T12:00:00,ASSIGNMENT_CHANGE,AGENT,agent-c,Middle East,ME Support,,,Assigned to an agent in ME Support.,,,,,,,,"{""source"": ""synthetic""}"
EV-00947,TCK-1107,2026-09-01T13:00:00,CUSTOMER_UPDATE,AGENT,agent-b,Middle East,ME Support,,,Acknowledgement sent to the customer.,,,,,,,,"{""source"": ""synthetic""}"
EV-00948,TCK-1107,2026-09-01T17:00:00,TEAM_TRANSFER,AGENT,agent-b,North America,NA Support,,,Transferred to NA Support (North America).,,,,,,,,"{""source"": ""synthetic""}"
EV-00949,TCK-1107,2026-09-01T19:00:00,WORK_NOTE,AGENT,agent-c,North America,NA Support,,,Performed first-line troubleshooting; the issue persists.,,,,,,,,"{""source"": ""synthetic""}"
EV-00950,TCK-1107,2026-09-02T13:00:00,TEAM_TRANSFER,AGENT,agent-b,Europe,EU Support,,,Transferred to EU Support (Europe).,,,,,,,,"{""source"": ""synthetic""}"
EV-00951,TCK-1107,2026-09-02T15:00:00,WORK_NOTE,AGENT,agent-c,Europe,EU Support,,,Collected diagnostic logs from the system.,,,,,,,,"{""source"": ""synthetic""}"
EV-00952,TCK-1107,2026-09-03T09:00:00,TEAM_TRANSFER,AGENT,agent-b,India,India Support,,,Transferred to India Support (India).,,,,,,,,"{""source"": ""synthetic""}"
EV-00953,TCK-1107,2026-09-03T11:00:00,WORK_NOTE,AGENT,agent-a,India,India Support,,,Performed first-line troubleshooting; the issue persists.,,,,,,,,"{""source"": ""synthetic""}"
EV-00954,TCK-1107,2026-09-04T09:00:00,PROMISED_DATE_SET,AGENT,agent-b,Middle East,ME Support,,,,,,,,,,2026-09-09,"{""source"": ""synthetic""}"
EV-00955,TCK-1107,2026-09-04T11:00:00,WORK_NOTE,AGENT,agent-a,Middle East,ME Support,,,Coordinating handover between the regional teams.,,,,,,,,"{""source"": ""synthetic""}"
EV-00956,TCK-1108,2026-08-30T11:00:00,STATUS_CHANGE,AGENT,agent-c,India,India Support,OPEN,IN_PROGRESS,Assigned for handling.,,,,,,,,"{""source"": ""synthetic""}"
EV-00957,TCK-1108,2026-08-30T12:00:00,ASSIGNMENT_CHANGE,AGENT,agent-c,India,India Support,,,Assigned to an agent in India Support.,,,,,,,,"{""source"": ""synthetic""}"
EV-00958,TCK-1108,2026-08-30T13:00:00,CUSTOMER_UPDATE,AGENT,agent-b,India,India Support,,,Acknowledgement sent to the customer.,,,,,,,,"{""source"": ""synthetic""}"
EV-00959,TCK-1108,2026-08-30T15:00:00,WORK_NOTE,AGENT,agent-c,India,India Support,,,Collected diagnostic logs from the system.,,,,,,,,"{""source"": ""synthetic""}"
EV-00960,TCK-1108,2026-08-30T17:00:00,PROMISED_DATE_SET,AGENT,agent-a,India,India Support,,,,,,,,,,2026-09-02,"{""source"": ""synthetic""}"
EV-00961,TCK-1108,2026-08-30T19:00:00,WORK_NOTE,AGENT,agent-a,India,India Support,,,Configuration change scheduled for this week.,,,,,,,,"{""source"": ""synthetic""}"
EV-00962,TCK-1108,2026-08-31T15:00:00,CUSTOMER_UPDATE,AGENT,agent-c,India,India Support,,,Progress update sent to the customer.,,,,,,,,"{""source"": ""synthetic""}"
EV-00963,TCK-1108,2026-08-31T17:00:00,RESOLUTION,AGENT,agent-a,India,India Support,IN_PROGRESS,RESOLVED,"Issue resolved, agreed with the customer.",,,,,,,,"{""source"": ""synthetic""}"
EV-00964,TCK-1109,2026-08-29T14:00:00,STATUS_CHANGE,AGENT,agent-c,North America,NA Support,OPEN,IN_PROGRESS,Assigned for handling.,,,,,,,,"{""source"": ""synthetic""}"
EV-00965,TCK-1109,2026-08-29T15:00:00,ASSIGNMENT_CHANGE,AGENT,agent-b,North America,NA Support,,,Assigned to an agent in NA Support.,,,,,,,,"{""source"": ""synthetic""}"
EV-00966,TCK-1109,2026-08-29T16:00:00,CUSTOMER_UPDATE,AGENT,agent-b,North America,NA Support,,,Acknowledgement sent to the customer.,,,,,,,,"{""source"": ""synthetic""}"
EV-00967,TCK-1109,2026-08-29T22:00:00,WORK_NOTE,AGENT,agent-b,North America,NA Support,,,Diagnosis completed; a replacement component is required.,,,,,,,,"{""source"": ""synthetic""}"
EV-00968,TCK-1109,2026-08-30T00:00:00,PROMISED_DATE_SET,AGENT,agent-b,North America,NA Support,,,,,,,,,,2026-09-02,"{""source"": ""synthetic""}"
EV-00969,TCK-1109,2026-08-30T02:00:00,WORK_NOTE,AGENT,agent-c,North America,NA Support,,,Configuration change scheduled for this week.,,,,,,,,"{""source"": ""synthetic""}"
EV-00970,TCK-1109,2026-08-30T22:00:00,CUSTOMER_UPDATE,AGENT,agent-a,North America,NA Support,,,Progress update sent to the customer.,,,,,,,,"{""source"": ""synthetic""}"
EV-00971,TCK-1109,2026-08-31T00:00:00,RESOLUTION,AGENT,agent-c,North America,NA Support,IN_PROGRESS,RESOLVED,"Issue resolved, agreed with the customer.",,,,,,,,"{""source"": ""synthetic""}"
EV-00972,TCK-1110,2026-08-27T07:00:00,STATUS_CHANGE,AGENT,agent-a,Middle East,ME Support,OPEN,IN_PROGRESS,Assigned for handling.,,,,,,,,"{""source"": ""synthetic""}"
EV-00973,TCK-1110,2026-08-27T08:00:00,ASSIGNMENT_CHANGE,AGENT,agent-c,Middle East,ME Support,,,Assigned to an agent in ME Support.,,,,,,,,"{""source"": ""synthetic""}"
EV-00974,TCK-1110,2026-08-27T09:00:00,CUSTOMER_UPDATE,AGENT,agent-b,Middle East,ME Support,,,Acknowledgement sent to the customer.,,,,,,,,"{""source"": ""synthetic""}"
EV-00975,TCK-1110,2026-08-27T11:00:00,WORK_NOTE,AGENT,agent-a,Middle East,ME Support,,,Initial triage completed; created a resolution plan.,,,,,,,,"{""source"": ""synthetic""}"
EV-00976,TCK-1110,2026-08-27T13:00:00,PROMISED_DATE_SET,AGENT,agent-b,Middle East,ME Support,,,,,,,,,,2026-09-06,"{""source"": ""synthetic""}"
EV-00977,TCK-1110,2026-08-29T09:00:00,WORK_NOTE,AGENT,agent-c,Middle East,ME Support,,,Scheduled replacement part installation.,,,,,,,,"{""source"": ""synthetic""}"
EV-00978,TCK-1110,2026-08-29T11:00:00,CUSTOMER_UPDATE,AGENT,agent-c,Middle East,ME Support,,,Progress update sent to the customer.,,,,,,,,"{""source"": ""synthetic""}"
EV-00979,DEMO-001,2026-09-03T09:00:00,STATUS_CHANGE,AGENT,agent-a,India,India Support,OPEN,IN_PROGRESS,Assigned to India Support.,,,,,,,,"{""source"": ""synthetic""}"
EV-00980,DEMO-001,2026-09-03T10:00:00,CUSTOMER_UPDATE,AGENT,agent-b,India,India Support,,,Acknowledgement sent to the customer.,,,,,,,,"{""source"": ""synthetic""}"
EV-00981,DEMO-001,2026-09-03T12:00:00,WORK_NOTE,AGENT,agent-b,India,India Support,,,Technical investigation completed; configuration update identified as the fix.,,,,,,,,"{""source"": ""synthetic""}"
EV-00982,DEMO-001,2026-09-03T13:00:00,PROMISED_DATE_SET,AGENT,agent-b,India,India Support,,,,,,,,,,2026-09-12,"{""source"": ""synthetic""}"
EV-00983,DEMO-001,2026-09-03T14:00:00,WORK_NOTE,AGENT,agent-c,India,India Support,,,Configuration change scheduled for this week.,,,,,,,,"{""source"": ""synthetic""}"
EV-00984,DEMO-002,2026-09-02T09:00:00,STATUS_CHANGE,AGENT,agent-c,Europe,EU Support,OPEN,IN_PROGRESS,Assigned to EU Support.,,,,,,,,"{""source"": ""synthetic""}"
EV-00985,DEMO-002,2026-09-02T10:00:00,CUSTOMER_UPDATE,AGENT,agent-c,Europe,EU Support,,,Acknowledgement sent to the customer.,,,,,,,,"{""source"": ""synthetic""}"
EV-00986,DEMO-002,2026-09-02T13:00:00,WORK_NOTE,AGENT,agent-b,Europe,EU Support,,,Technical review completed.,,,,,,,,"{""source"": ""synthetic""}"
EV-00987,DEMO-002,2026-09-02T15:00:00,APPROVAL_REQUESTED,AGENT,agent-a,Europe,EU Support,,,Security approval requested before rollout.,,,,,,Security,,"{""source"": ""synthetic""}"
EV-00988,DEMO-002,2026-09-02T15:00:00,DEPENDENCY_CREATED,AGENT,agent-c,Europe,Security Review,,,,approval:Security,Security approval,Security Review,,,,,"{""source"": ""synthetic""}"
EV-00989,DEMO-002,2026-09-02T15:00:00,PROMISED_DATE_SET,AGENT,agent-b,Europe,EU Support,,,,,,,,,,2026-09-12,"{""source"": ""synthetic""}"
EV-00990,DEMO-002,2026-09-02T17:00:00,WORK_NOTE,AGENT,agent-b,Europe,EU Support,,,Waiting for security approval before proceeding.,,,,,,,,"{""source"": ""synthetic""}"
EV-00991,DEMO-003,2026-09-01T09:00:00,STATUS_CHANGE,AGENT,agent-a,North America,NA Support,OPEN,IN_PROGRESS,Assigned to NA Support.,,,,,,,,"{""source"": ""synthetic""}"
EV-00992,DEMO-003,2026-09-01T10:00:00,CUSTOMER_UPDATE,AGENT,agent-a,North America,NA Support,,,Acknowledgement sent to the customer.,,,,,,,,"{""source"": ""synthetic""}"
EV-00993,DEMO-003,2026-09-01T13:00:00,WORK_NOTE,AGENT,agent-b,North America,NA Support,,,Technical diagnosis completed; replacement component required.,,,,,,,,"{""source"": ""synthetic""}"
EV-00994,DEMO-003,2026-09-01T15:00:00,TEAM_TRANSFER,AGENT,agent-a,North America,Vendor Operations,,,Transferred to Vendor Operations for component follow-up.,,,,,,,,"{""source"": ""synthetic""}"
EV-00995,DEMO-003,2026-09-01T17:00:00,VENDOR_UPDATE,AGENT,agent-c,North America,Vendor Operations,,,Replacement component is on backorder; delivery expected after September 9. This means the component is delayed.,,,,PartsUnited Express,replacement component,,,"{""source"": ""synthetic""}"
EV-00996,DEMO-003,2026-09-01T17:00:00,DEPENDENCY_CREATED,AGENT,agent-b,North America,Vendor Operations,,,,vendor:PartsUnited Express,Vendor delivery from PartsUnited Express,Vendor Operations,PartsUnited Express,replacement component,,,"{""source"": ""synthetic""}"
EV-00997,DEMO-003,2026-09-01T18:00:00,PROMISED_DATE_SET,AGENT,agent-c,North America,Vendor Operations,,,,,,,,,,2026-09-10,"{""source"": ""synthetic""}"
EV-00998,DEMO-004,2026-08-29T09:00:00,STATUS_CHANGE,AGENT,agent-b,Asia Pacific,APAC Support,OPEN,IN_PROGRESS,Assigned to APAC Support.,,,,,,,,"{""source"": ""synthetic""}"
EV-00999,DEMO-004,2026-08-29T10:00:00,CUSTOMER_UPDATE,AGENT,agent-c,Asia Pacific,APAC Support,,,Acknowledgement sent to the customer.,,,,,,,,"{""source"": ""synthetic""}"
EV-01000,DEMO-004,2026-08-29T15:00:00,WORK_NOTE,AGENT,agent-a,Asia Pacific,APAC Support,,,Initial triage completed; created a resolution plan.,,,,,,,,"{""source"": ""synthetic""}"
EV-01001,DEMO-004,2026-08-29T17:00:00,PROMISED_DATE_SET,AGENT,agent-a,Asia Pacific,APAC Support,,,,,,,,,,2026-09-04,"{""source"": ""synthetic""}"
EV-01002,DEMO-004,2026-09-01T07:00:00,WORK_NOTE,AGENT,agent-c,Asia Pacific,APAC Support,,,Scheduled replacement part installation; waiting for the part.,,,,,,,,"{""source"": ""synthetic""}"
EV-01003,DEMO-005,2026-08-30T09:00:00,STATUS_CHANGE,AGENT,agent-b,India,India Support,OPEN,IN_PROGRESS,Assigned to India Support.,,,,,,,,"{""source"": ""synthetic""}"
EV-01004,DEMO-005,2026-08-30T10:00:00,CUSTOMER_UPDATE,AGENT,agent-b,India,India Support,,,Acknowledgement sent to the customer.,,,,,,,,"{""source"": ""synthetic""}"
EV-01005,DEMO-005,2026-08-30T13:00:00,WORK_NOTE,AGENT,agent-c,India,India Support,,,Issue was worked on and marked resolved by mistake.,,,,,,,,"{""source"": ""synthetic""}"
EV-01006,DEMO-005,2026-08-30T15:00:00,STATUS_CHANGE,AGENT,agent-c,India,India Support,IN_PROGRESS,RESOLVED,Marked resolved.,,,,,,,,"{""source"": ""synthetic""}"
EV-01007,DEMO-005,2026-08-31T15:00:00,STATUS_CHANGE,AGENT,agent-a,India,India Support,RESOLVED,IN_PROGRESS,Work resumed after review; ticket reopened in source system.,,,,,,,,"{""source"": ""synthetic""}"
EV-01008,DEMO-005,2026-08-31T17:00:00,PROMISED_DATE_SET,AGENT,agent-a,India,India Support,,,,,,,,,,2026-09-09,"{""source"": ""synthetic""}"
EV-01009,DEMO-007,2026-08-26T09:00:00,STATUS_CHANGE,AGENT,agent-c,Latin America,LATAM Support,OPEN,IN_PROGRESS,Assigned to LATAM Support.,,,,,,,,"{""source"": ""synthetic""}"
EV-01010,DEMO-007,2026-08-26T10:00:00,CUSTOMER_UPDATE,AGENT,agent-c,Latin America,LATAM Support,,,Acknowledgement sent to the customer.,,,,,,,,"{""source"": ""synthetic""}"
EV-01011,DEMO-007,2026-08-26T12:00:00,WORK_NOTE,AGENT,agent-b,Latin America,LATAM Support,,,Investigation completed; fix applied.,,,,,,,,"{""source"": ""synthetic""}"
EV-01012,DEMO-007,2026-08-28T09:00:00,RESOLUTION,AGENT,agent-b,Latin America,LATAM Support,IN_PROGRESS,RESOLVED,"Issue resolved, agreed with the customer.",,,,,,,,"{""source"": ""synthetic""}"
EV-01013,DEMO-007,2026-09-04T09:00:00,REOPENED,AGENT,agent-c,Latin America,LATAM Support,,REOPENED,Customer reported the issue again; ticket reopened.,,,,,,,,"{""source"": ""synthetic""}"
EV-01014,DEMO-007,2026-09-04T12:00:00,WORK_NOTE,AGENT,agent-b,Latin America,LATAM Support,,,Reopened; new investigation started.,,,,,,,,"{""source"": ""synthetic""}"
EV-01015,DEMO-007,2026-09-04T14:00:00,PROMISED_DATE_SET,AGENT,agent-a,Latin America,LATAM Support,,,,,,,,,,2026-09-11,"{""source"": ""synthetic""}"
EV-01016,XTCK-001,2026-09-03T09:00:00,STATUS_CHANGE,AGENT,agent-b,Europe,EU Support,OPEN,IN_PROGRESS,Assigned to EU Support.,,,,,,,,"{""source"": ""synthetic""}"
EV-01017,XTCK-001,2026-09-02T03:00:00,WORK_NOTE,AGENT,agent-c,Europe,EU Support,,,(Out-of-order) Note recorded before the ticket creation timestamp.,,,,,,,,"{""source"": ""synthetic""}"
EV-01018,XTCK-001,2026-09-03T14:00:00,WORK_NOTE,AGENT,agent-a,Europe,EU Support,,,Investigation in progress.,,,,,,,,"{""source"": ""synthetic""}"
EV-01019,XTCK-002,2026-09-04T10:00:00,STATUS_CHANGE,AGENT,agent-a,Middle East,ME Support,OPEN,IN_PROGRESS,Assigned to ME Support.,,,,,,,,"{""source"": ""synthetic""}"
EV-01020,XTCK-002,2026-09-04T13:00:00,WORK_NOTE,AGENT,agent-a,Middle East,ME Support,,,Duplicate event: first instance of this event id.,,,,,,,,"{""source"": ""synthetic""}"
EV-01020,XTCK-002,2026-09-04T14:00:00,WORK_NOTE,AGENT,agent-b,Middle East,ME Support,,,Duplicate event: second instance of this event id.,,,,,,,,"{""source"": ""synthetic""}"
EV-01021,XTCK-002,2026-09-04T16:00:00,WORK_NOTE,AGENT,agent-b,Middle East,ME Support,,,Investigation ongoing.,,,,,,,,"{""source"": ""synthetic""}"
